,Cuit,Empresa / Razón Social,Región,Provincia,Localidad,Número De Acto,Fecha Del Acto Administrativo,Fecha En Boletín Oficial,tamaño
0,30715253727,Brave New Technology SRL,Pampeana,Ciudad Autonoma Buenos Aires,Ciudad Autonoma De Buenos Aires,533E,15/8/2018,16/8/2018,
1,30712485546,Bright Sector SRL,Pampeana,Ciudad Autonoma Buenos Aires,Ciudad Autonoma De Buenos Aires,99,13/8/2015,20/8/2015,
2,30708928387,Bsf SA,Cuyo,Mendoza,Chacras De Coria,155,17/11/2015,23/11/2015,
3,30651515897,Btb Soft SA,Pampeana,Ciudad Autonoma Buenos Aires,Ciudad Autonoma De Buenos Aires,7,29/2/2016,3/4/2016 00:00,
4,30607986289,Buenosaires Software SA,Pampeana,Ciudad Autonoma Buenos Aires,Ciudad Autonoma De Buenos Aires,41,15/6/2016,22/6/2016,
5,30618539225,Buffa Sistemas SRL,Pampeana,Ciudad Autonoma Buenos Aires,Ciudad Autonoma De Buenos Aires,557E,15/8/2018,17/8/2018,
6,30706053812,Bumeran.Com Argentina SA,Pampeana,Ciudad Autonoma De Buenos Aires,Ciudad Autonoma De Buenos Aires,65 E,26/6/2017,28/6/2017,
7,30707277285,Business Development Facilities SA,Pampeana,Ciudad Autonoma Buenos Aires,Ciudad Autonoma De Buenos Aires,29,31/5/2016,3/6/2016,
8,30708161485,Business Vision SA,Pampeana,Ciudad Autonoma De Buenos Aires,Ciudad Autonoma De Buenos Aires,93,20/9/2016,28/9/2016,
9,30623373084,C Y S Informatica SA,Pampeana,Ciudad Autonoma Buenos Aires,Ciudad Autonoma De Buenos Aires,50,6/1/2015 00:00,6/5/2015 00:00,
10,30638247913,C Y T Comunicaciones Y Telematica SRL,Pampeana,Ciudad Autonoma Buenos Aires,Ciudad Autonoma De Buenos Aires,118,9/11/2015 00:00,18/9/2015,
11,30685816179,C-Net SRL,Pampeana,Ciudad Autonoma Buenos Aires,Ciudad Autonoma De Buenos Aires,175E,21/5/2018,23/5/2018,
12,30709998796,Carena Sistemas SRL,Pampeana,Ciudad Autonoma Buenos Aires,Ciudad Autonoma De Buenos Aires,16E,30/1/2018,2/1/2018 00:00,
13,30691595729,Cda Tecnologia Informatica SA,Pampeana,Ciudad Autonoma Buenos Aires,Ciudad Autonoma De Buenos Aires,51,6/1/2015 00:00,6/8/2015 00:00,
14,30712526579,Cdss SA,Pampeana,Ciudad Autonoma Buenos Aires,Ciudad Autonoma De Buenos Aires,164,23/11/2015,30/11/2015,
15,30714769061,Celerative SRL,Pampeana,Buenos Aires,La Plata,79 E,8/3/2017 00:00,8/7/2017 00:00,
16,30560577601,Censys SA,Noroeste,Tucuman,Yerba Buena,11,10/6/2016 00:00,10/12/2016 00:00,
17,30707061010,Certant SA,Pampeana,Ciudad Autonoma Buenos Aires,Ciudad Autonoma De Buenos Aires,12,3/6/2015 00:00,3/12/2015 00:00,
18,30684641502,Chess Desarrollos Informaticos SRL,Pampeana,Santa Fe,Rosario,5,18/2/2016,24/2/2016,
19,30636414243,Cies Sistemas SA,Pampeana,Ciudad Autonoma Buenos Aires,Ciudad Autonoma De Buenos Aires,91,42193,13/8/2015,
20,30711313423,Clarika SA,Pampeana,Cordoba,Cordoba,53,24/11/2016,30/11/2016,
21,30709663336,Clariphy Argentina SA,Pampeana,Cordoba,Cordoba,6,23/2/2015,26/2/2015,
22,30708709324,Clarius Consulting SA,Pampeana,Ciudad Autonoma Buenos Aires,Ciudad Autonoma De Buenos Aires,22,20/3/2015,30/3/2015,
23,30711048657,Clarotest Consulting Lab SRL,Pampeana,Ciudad Autonoma Buenos Aires,Ciudad Autonoma De Buenos Aires,18,4/7/2016 00:00,4/12/2016 00:00,
24,30715402706,Cloudwork SRL,Pampeana,Ciudad Autonoma Buenos Aires,Ciudad Autonoma De Buenos Aires,131E,21/12/2017,26/12/2017,
25,30714497789,Clover Sistemas SRL,Pampeana,Santa Fe,Rosario,24 E,3/2/2017 00:00,3/6/2017 00:00,
26,30696889283,Codes SA,Pampeana,Ciudad Autonoma Buenos Aires,Ciudad Autonoma De Buenos Aires,177,12/1/2015 00:00,12/9/2015 00:00,
27,30698911200,Coin Tech Sociedad Anonima,Pampeana,Cordoba,Cordoba,90,8/7/2015 00:00,13/8/2015,
28,30560325033,Colinet Trotta SA,Pampeana,Santa Fe,Rosario,147,28/10/2015,11/2/2015 00:00,
29,30710758618,Community Mind SRL,Pampeana,Ciudad Autonoma Buenos Aires,Ciudad Autonoma De Buenos Aires,4E,19/1/2018,22/1/2018,
30,30708098333,CompaÃ±ia Argentina de Desarrollo Informatico SA,Pampeana,Ciudad Autonoma Buenos Aires,Ciudad Autonoma De Buenos Aires,73,29/8/2016,9/1/2016 00:00,
31,30707078754,Conexia SA,Pampeana,Ciudad Autonoma Buenos Aires,Ciudad Autonoma De Buenos Aires,94,8/12/2015 00:00,19/8/2015,
32,30711136483,Confluencia Fto SRL,Pampeana,Ciudad Autonoma Buenos Aires,Ciudad Autonoma De Buenos Aires,91,20/9/2016,28/9/2016,
33,30707964606,Consensusargentina SA,Pampeana,Ciudad Autonoma Buenos Aires,Ciudad Autonoma De Buenos Aires,21,27/4/2016,29/4/2016,
34,30715278266,ConsorcioAbierto SRL,Pampeana,Buenos Aires,Bahía Blanca,151,3/1/2019 00:00,3/7/2019 00:00,
35,30711392889,Consultora Eudaimonia SRL,Pampeana,Ciudad Autonoma Buenos Aires,Ciudad Autonoma De Buenos Aires,51 E,24/5/2017,30/5/2017,
36,30708255374,Consultores En Desarrollos Tecnologicos Sociedad Anonima,Pampeana,Ciudad Autonoma Buenos Aires,Ciudad Autonoma De Buenos Aires,108,9/4/2015 00:00,9/10/2015 00:00,
37,30636484187,Consultores En Organizacion Asociados SA,Pampeana,Santa Fe,Rosario,44,5/12/2015 00:00,18/5/2015,
38,30681519994,Consultoria En Tecnologia de Informacion Sociedad Anonima,Pampeana,Ciudad Autonoma Buenos Aires,Ciudad Autonoma De Buenos Aires,13,3/11/2015 00:00,17/3/2015,
39,30714719943,CONTAGRAM ARGENTINA S.R.L.,Pampeana,Ciudad Autonoma De Buenos Aires,San Nicolás,532,12/7/2018 00:00,11/12/2018 00:00,
40,30693761421,Core Sdi SA,Pampeana,Ciudad Autonoma De Buenos Aires,Ciudad Autonoma De Buenos Aires,115 E,11/1/2017 00:00,11/6/2017 00:00,
41,30709759457,Corebi SA,Pampeana,Cordoba,Cordoba,28,27/5/2016,6/1/2016 00:00,
42,33711201659,Creative Coefficient SRL,Pampeana,Ciudad Autonoma Buenos Aires,Ciudad Autonoma De Buenos Aires,11,17/3/2016,23/3/2016,
43,30698999337,Cruz Del Sur Consulting,Pampeana,Ciudad Autonoma De Buenos Aires,Ciudad Autonoma De Buenos Aires,46,14/11/2016,17/11/2016,
44,30715137026,Cti Consultores Asociados SA,Pampeana,Ciudad Autonoma Buenos Aires,Ciudad Autonoma De Buenos Aires,428E,23/7/2018,25/7/2018,
45,30707314903,Cubika SA,Pampeana,Ciudad Autonoma De Buenos Aires,Ciudad Autonoma De Buenos Aires,28,15/4/2015,21/4/2015,
46,30714287539,CYSC S.R.L.,Pampeana,Ciudad Autonoma De Buenos Aires,Belgrano,378,25/10/2018,29/10/2018,
47,30651205901,D C Sistemas Y Servicios Sociedad Anonima,Pampeana,Ciudad Autonoma Buenos Aires,Ciudad Autonoma De Buenos Aires,63,8/11/2016 00:00,16/8/2016,
48,30710761678,D.L.R. SA,Pampeana,Cordoba,Cordoba,214E,31/5/2018,6/4/2018 00:00,
49,30702185366,Daassnet SRL,Pampeana,Ciudad Autonoma Buenos Aires,Ciudad Autonoma De Buenos Aires,53,13/7/2016,18/7/2016,
50,30708217812,Daeva SA,Pampeana,Ciudad Autonoma Buenos Aires,Ciudad Autonoma De Buenos Aires,109,42103,10/9/2015,
51,30714962910,Darwoft,Pampeana,Cordoba,Cordoba,127E,18/4/2018,19/4/2018,
52,30601951394,Datatech SA,Pampeana,Ciudad Autonoma Buenos Aires,Ciudad Autonoma De Buenos Aires,100,27/9/2016,30/9/2016,
53,30710173652,Dattatec.Com SRL,Pampeana,Santa Fe,Rosario,51,24/11/2016,30/11/2016,
54,30711293163,DbGroup SRL,Pampeana,Ciudad Autonoma De Buenos Aires,Palermo,177E,2/10/2018 00:00,4/10/2018 00:00,
55,30708310898,Dcc.Soft SRL,Pampeana,Ciudad Autonoma Buenos Aires,Ciudad Autonoma De Buenos Aires,101,13/8/2015,20/8/2015,
56,30695562671,Decision Support SA,Pampeana,Ciudad Autonoma De Buenos Aires,Ciudad Autonoma De Buenos Aires,48,15/11/2016,18/11/2016,
57,30681362130,Delsat Group SA,Pampeana,Buenos Aires,Mar Del Plata,57,24/11/2016,30/11/2016,
58,30710744188,Desnac Sociedad Anonima,Pampeana,Cordoba,Cordoba,17,4/7/2016 00:00,4/12/2016 00:00,
59,30701307115,Despegar.com.ar SA,Pampeana,Ciudad Autonoma De Buenos Aires,Ciudad Autonoma De Buenos Aires,82 E,18/8/2017,24/8/2017,
60,30711819017,Devartis SA,Pampeana,Ciudad Autonoma Buenos Aires,Ciudad Autonoma De Buenos Aires,7,23/1/2017,26/1/2017,
61,30663103942,Di Chena Y Asociadossrl,Pampeana,Ciudad Autonoma Buenos Aires,Ciudad Autonoma De Buenos Aires,101,27/9/2016,30/9/2016,
62,30710370571,Dicsys SA,Pampeana,Cordoba,Cordoba,39,11/2/2016 00:00,11/7/2016 00:00,
63,33708989369,Diltacrossargentina SA,Pampeana,Buenos Aires,Caseros,37,15/6/2016,22/6/2016,
64,30714078646,Div Inf Sociedad Anonima,Pampeana,Buenos Aires,MuÃ±iz,14 E,2/8/2017 00:00,13/2/2017,
65,30707317538,Dl Consultores SA,Pampeana,Ciudad Autonoma Buenos Aires,Ciudad Autonoma De Buenos Aires,62,23/6/2015,29/6/2015,
66,30661857818,Document Technologies SRL,Pampeana,Ciudad Autonoma Buenos Aires,Ciudad Autonoma De Buenos Aires,39,5/5/2015 00:00,5/12/2015 00:00,
67,30710554184,Dsa SRL,Pampeana,Cordoba,Estacion Bell Ville,46,5/12/2015 00:00,18/5/2015,
68,30714895172,Dw Soluciones Tecnologicas SRL,Pampeana,Ciudad Autonoma Buenos Aires,Ciudad Autonoma De Buenos Aires,21 E,23/2/2017,3/2/2017 00:00,
69,30715191357,Dynamo Creative SRL,Pampeana,Ciudad Autonoma Buenos Aires,Ciudad Autonoma De Buenos Aires,5E,19/1/2018,22/1/2018,
70,30699021217,E Marketing Sociedad Anonima,Pampeana,Ciudad Autonoma Buenos Aires,Ciudad Autonoma De Buenos Aires,8,26/1/2017,31/1/2017,
71,30709739170,E Solutions SA,Pampeana,Cordoba,Cordoba,49,7/7/2016 00:00,14/7/2016,
72,30707768785,E-Buyplace SA,Pampeana,Ciudad Autonoma Buenos Aires,Ciudad Autonoma De Buenos Aires,171,12/1/2015 00:00,12/9/2015 00:00,
73,30708245581,E-Ducativa Educacion Virtual SA,Pampeana,Santa Fe,Rosario,149,28/10/2015,11/2/2015 00:00,
74,30677801456,Ec Sistemassrl,Pampeana,Ciudad Autonoma Buenos Aires,Ciudad Autonoma De Buenos Aires,165,23/11/2015,30/11/2015,
75,30714781460,Ecloud Solutions SRL,Pampeana,Santa Fe,Rosario,56 E,6/6/2017 00:00,6/9/2017 00:00,
76,30711811725,Ecoclimasol SA,Pampeana,Ciudad Autonoma Buenos Aires,Ciudad Autonoma De Buenos Aires,485E,31/7/2018,8/2/2018 00:00,
77,30711193762,Edrans SA,Pampeana,Ciudad Autonoma Buenos Aires,Ciudad Autonoma De Buenos Aires,36,15/6/2016,22/6/2016,
78,33708653239,Eit SA,Pampeana,Ciudad Autonoma Buenos Aires,Ciudad Autonoma De Buenos Aires,133,22/9/2015,10/8/2015 00:00,
79,30715378406,ELEMENTUM SCM ARGENTINA SRL,Pampeana,Ciudad Autonoma De Buenos Aires,Retiro,596E,17/12/2018,19/12/2018,
80,30611834523,Elinpar Sociedad Anonima,Pampeana,Ciudad Autonoma Buenos Aires,Ciudad Autonoma De Buenos Aires,105,26/8/2015,9/1/2015 00:00,
81,30698413545,Emm SA,Pampeana,Ciudad Autonoma Buenos Aires,Ciudad Autonoma De Buenos Aires,72,22/8/2016,25/8/2016,
82,30710326564,Enerminds SRL,Pampeana,Ciudad Autonoma Buenos Aires,Ciudad Autonoma De Buenos Aires,76,21/12/2016,26/12/2016,
83,30712318585,Engee It SRL,Pampeana,Ciudad Autonoma Buenos Aires,Ciudad Autonoma De Buenos Aires,175,12/1/2015 00:00,12/9/2015 00:00,
84,30712005285,Enta Tga SRL,Pampeana,Ciudad Autonoma Buenos Aires,Ciudad Autonoma De Buenos Aires,14,4/7/2016 00:00,20/4/2016,
85,30715213083,ENVIOPACK S.A.,Pampeana,Ciudad Autonoma De Buenos Aires,Nuñez,620E,19/12/2018,21/12/2018,
86,30708851457,Epidata SA,Pampeana,Ciudad Autonoma Buenos Aires,Ciudad Autonoma De Buenos Aires,1,16/1/2017,18/1/2017,
87,30708846194,Ergo Renova SA,Pampeana,Ciudad Autonoma Buenos Aires,Ciudad Autonoma De Buenos Aires,150,28/10/2015,11/2/2015 00:00,
88,30708334584,Esg Dilec SA,Pampeana,Santa Fe,Rosario,54,13/7/2016,18/7/2016,
89,30709472999,Etsol SRL,Noreste,Entre Rios,Parana,10 E,2/7/2017 00:00,2/10/2017 00:00,
90,30707099360,Everisargentina SA,Pampeana,Ciudad Autonoma Buenos Aires,Ciudad Autonoma De Buenos Aires,70,22/8/2016,25/8/2016,
91,30707407367,Excelencia En Soluciones Informaticas SA,Pampeana,Ciudad Autonoma Buenos Aires,Ciudad Autonoma De Buenos Aires,64,26/6/2015,7/2/2015 00:00,
92,30708120207,Exemys SRL,Pampeana,Ciudad Autonoma Buenos Aires,Ciudad Autonoma De Buenos Aires,76,24/7/2015,30/7/2015,
93,30710276699,Extend It SRL,Pampeana,Ciudad Autonoma Buenos Aires,Ciudad Autonoma De Buenos Aires,493E,8/6/2018 00:00,8/8/2018 00:00,
94,30707296751,F C P Consultoresasociados SRL,Pampeana,Ciudad Autonoma Buenos Aires,Ciudad Autonoma De Buenos Aires,36,5/5/2015 00:00,5/11/2015 00:00,
95,30662052309,F P A Softwaresrl,Pampeana,Ciudad Autonoma Buenos Aires,Ciudad Autonoma De Buenos Aires,131,22/9/2015,10/1/2015 00:00,
96,30711090300,F Y B Sistemas SA,Pampeana,Santa Fe,Esperanza,11 E,2/7/2017 00:00,2/10/2017 00:00,
97,30712330291,Fennoma SA,Pampeana,Ciudad Autonoma Buenos Aires,Ciudad Autonoma De Buenos Aires,121 E,15/11/2017,17/11/2017,
98,30698431454,Finnegans SA,Pampeana,Ciudad Autonoma Buenos Aires,Ciudad Autonoma De Buenos Aires,37,5/5/2015 00:00,5/11/2015 00:00,
99,33708632959,First Systems SRL,Pampeana,Ciudad Autonoma Buenos Aires,Ciudad Autonoma De Buenos Aires,25 E,3/2/2017 00:00,3/6/2017 00:00,
100,30712363084,Fizzmod SRL,Pampeana,Ciudad Autonoma Buenos Aires,Ciudad Autonoma De Buenos Aires,551E,15/8/2018,17/8/2018,
101,30692330508,Flow Technology SA,Pampeana,Ciudad Autonoma Buenos Aires,Ciudad Autonoma De Buenos Aires,1,28/1/2016,29/1/2016,
102,30710404069,Flux It SA,Pampeana,Buenos Aires,La Plata,80E,14/3/2018,15/3/2018,
103,30707725555,Folder Soluciones SA,Pampeana,Santa Fe,Ruinas Santa Fe La Vieja,103,27/9/2016,30/9/2016,
104,30709744751,Fun Factory SRL,Pampeana,Ciudad Autonoma De Buenos Aires,Ciudad Autonoma De Buenos Aires,73,21/7/2015,27/7/2015,
105,33714483809,Fun4Ride SA,Pampeana,Ciudad Autonoma Buenos Aires,Ciudad Autonoma De Buenos Aires,43,11/11/2016 00:00,16/11/2016,
106,30707142096,G & L Group SA,Pampeana,Ciudad Autonoma Buenos Aires,Ciudad Autonoma De Buenos Aires,113,9/8/2015 00:00,15/9/2015,
107,30707855394,G Y F Soluciones Informaticas SA,Pampeana,Ciudad Autonoma Buenos Aires,Ciudad Autonoma De Buenos Aires,8,25/2/2015,3/2/2015 00:00,
108,30709283339,G.C. Sistemas Informaticos SA,Pampeana,Ciudad Autonoma Buenos Aires,Ciudad Autonoma De Buenos Aires,38,15/6/2016,22/6/2016,
109,30711053669,GADIK SRL,Pampeana,Ciudad Autonoma De Buenos Aires,Villa Devoto,47,17/1/2019,21/1/2019,
110,30709693898,Gauss Sistemas SRL,Pampeana,Ciudad Autonoma Buenos Aires,Ciudad Autonoma De Buenos Aires,106,9/4/2015 00:00,9/10/2015 00:00,
111,30642056529,Geosystems SA,Pampeana,Ciudad Autonoma Buenos Aires,Ciudad Autonoma De Buenos Aires,85,28/7/2015,31/7/2015,
112,30708188472,Gestion. It SRL,Pampeana,Ciudad Autonoma Buenos Aires,Ciudad Autonoma De Buenos Aires,103,26/8/2015,9/1/2015 00:00,
113,30708547472,Gi SA,Pampeana,Buenos Aires,Mar Del Plata,66,7/2/2015 00:00,7/8/2015 00:00,
114,33679921229,Gilbarco Latin America SRL,Pampeana,Ciudad Autonoma De Buenos Aires,Ciudad Autonoma De Buenos Aires,42,11/7/2016 00:00,11/10/2016 00:00,
115,30707609032,Ginkgo Soft SRL,Pampeana,Cordoba,Cordoba,98,8/12/2015 00:00,19/8/2015,
116,30710817770,Global Business Consulting SA,Pampeana,Ciudad Autonoma Buenos Aires,Ciudad Autonoma De Buenos Aires,72 E,7/11/2017 00:00,14/7/2017,
117,30710458428,Global Share SA,Pampeana,Ciudad Autonoma Buenos Aires,Ciudad Autonoma De Buenos Aires,86 E,9/5/2017 00:00,9/8/2017 00:00,
118,30709016934,Global Think Technology SA,Pampeana,Cordoba,Cordoba,68 E,7/3/2017 00:00,7/6/2017 00:00,
119,30710933037,Globalis Sociedad Anonima,Cuyo,Mendoza,Godoy Cruz,129 E,12/11/2017 00:00,13/12/2017,
120,30710146388,Glya SRL,Pampeana,Ciudad Autonoma Buenos Aires,Ciudad Autonoma De Buenos Aires,73 E,28/7/2017,8/1/2017 00:00,
121,30712455655,Go Commerce SA,Pampeana,Ciudad Autonoma Buenos Aires,Ciudad Autonoma De Buenos Aires,85E,23/3/2018,27/3/2018,
122,30711565732,Gonzalo Matias Escribano Y Carlos Gabriel Molina Sh,Pampeana,Ciudad Autonoma Buenos Aires,Ciudad Autonoma De Buenos Aires,17 E,16/2/2017,21/2/2017,
123,30647828473,Gpl Sistemas SA,Pampeana,Santa Fe,Rosario,1026,9/11/2015 00:00,17/9/2015,
124,33708131259,Grupo Ayex SA,Pampeana,Ciudad Autonoma Buenos Aires,Ciudad Autonoma De Buenos Aires,13,10/7/2016 00:00,13/10/2016,
125,30709147354,Grupo Calipso SA,Pampeana,Ciudad Autonoma Buenos Aires,Ciudad Autonoma De Buenos Aires,3-E,10/6/2016 00:00,10/12/2016 00:00,
126,30709110361,Grupo Esfera SA,Pampeana,Ciudad Autonoma Buenos Aires,Ciudad Autonoma De Buenos Aires,31,16/4/2015,22/4/2015,
127,30707023437,HANDCRAFT ARGENTINA,Pampeana,Buenos Aires,Bernal Oeste,204,21/3/2019,25/3/2019,
128,30693291778,Hardata SA,Pampeana,Ciudad Autonoma Buenos Aires,Ciudad Autonoma De Buenos Aires,27,27/5/2016,6/1/2016 00:00,
129,30680956606,Harriague Y Asociados SRL,Pampeana,Cordoba,Cordoba,64,8/11/2016 00:00,16/8/2016,
130,30688577671,Hasar Sistemas SRL,Pampeana,Buenos Aires,El Talar,24,4/6/2015 00:00,4/10/2015 00:00,
131,30707046836,Hexacta SA,Pampeana,Ciudad Autonoma Buenos Aires,Ciudad Autonoma De Buenos Aires,65,26/6/2015,7/2/2015 00:00,
132,30709218405,Hipercubo SA,Pampeana,Ciudad Autonoma Buenos Aires,Ciudad Autonoma De Buenos Aires,75,24/7/2015,30/7/2015,
133,30637728780,Holistor SA,Pampeana,Santa Fe,Rosario,30,31/5/2016,6/3/2016 00:00,
134,30708705132,Huddle Group SA,Pampeana,Ciudad Autonoma De Buenos Aires,Ciudad Autonoma De Buenos Aires,25,13/4/2015,17/4/2015,
135,30707591788,Huenei Consultora Informatica SRL,Pampeana,Ciudad Autonoma Buenos Aires,Ciudad Autonoma De Buenos Aires,29,16/4/2015,21/4/2015,
136,30708555971,I.D.S. SRL,Pampeana,Cordoba,Cordoba,59,12/5/2016 00:00,12/7/2016 00:00,
137,30708775890,Iafh Global SA,Pampeana,Buenos Aires,Tandil,26,13/4/2015,17/4/2015,
138,30715191942,IANTECH SRL,Pampeana,Ciudad Autonoma De Buenos Aires,Belgrano,407E,11/1/2018 00:00,2/11/2018 00:00,
139,30709641154,Identicum SA,Pampeana,Ciudad Autonoma Buenos Aires,Ciudad Autonoma De Buenos Aires,174,12/1/2015 00:00,12/9/2015 00:00,
140,30711661820,INCLUSION SERVICES S.A.,Pampeana,Buenos Aires,Tigre,16E,12/9/2018 00:00,13/9/2018 00:00,
141,30714549851,Increasecard SA,Pampeana,Ciudad Autonoma Buenos Aires,Ciudad Autonoma De Buenos Aires,81E,15/3/2018,19/3/2018,
142,30711022623,INFINITELOOP S.A.,Pampeana,Buenos Aires,Ramos Mejía,205,21/3/2019,25/3/2019,
143,30707937722,Infoil SA,Pampeana,Ciudad Autonoma Buenos Aires,Ciudad Autonoma De Buenos Aires,81,28/7/2015,31/7/2015,
144,30712548777,Infologic SA,Pampeana,Ciudad Autonoma Buenos Aires,Ciudad Autonoma De Buenos Aires,107,9/4/2015 00:00,9/10/2015 00:00,
145,30690796216,Infomedical SA,Pampeana,Ciudad Autonoma Buenos Aires,Ciudad Autonoma De Buenos Aires,121,22/9/2015,28/9/2015,
146,30707549773,Information Technology And Services SA,Pampeana,Buenos Aires,Caminera Lujan,71,16/12/2016,20/12/2016,
147,30707061975,Information Technology Consulting SA,Pampeana,Ciudad Autonoma Buenos Aires,Ciudad Autonoma De Buenos Aires,128,22/9/2015,28/9/2015,
148,30601820923,Ingematica SA,Pampeana,Ciudad Autonoma Buenos Aires,Ciudad Autonoma De Buenos Aires,56,6/10/2015 00:00,16/6/2015,
149,30708825472,Ingenieria Y Consultoria G&B SA,Pampeana,Buenos Aires,Mar Del Plata,83,28/7/2015,31/7/2015,
150,30670318474,Innovision Sociedad Anonima,Patagonia,Chubut,Comodoro Rivadavia,156,17/11/2015,23/11/2015,
151,30710311044,Insside Informacion Inteligente Sociedad de Responsabilidad,Pampeana,Ciudad Autonoma Buenos Aires,Ciudad Autonoma De Buenos Aires,30,31/10/2016,11/2/2016 00:00,
152,33620035799,Intech Computacion SRL,Pampeana,Ciudad Autonoma Buenos Aires,Ciudad Autonoma De Buenos Aires,86,29/7/2015,8/4/2015 00:00,
153,30707912886,Integ SA,Pampeana,Ciudad Autonoma Buenos Aires,Ciudad Autonoma De Buenos Aires,172,12/1/2015 00:00,12/9/2015 00:00,
154,30708748605,Integral Software SRL,Noreste,Entre Rios,Parana,152E,3/5/2018 00:00,5/7/2018 00:00,
155,30709449601,Intel Software de Argentina SA,Pampeana,Buenos Aires,Vicente Lopez,58,15/7/2016,21/7/2016,
156,30709252239,Inteligencia Y Tecnologia SA,Pampeana,Ciudad Autonoma Buenos Aires,Ciudad Autonoma De Buenos Aires,23,4/6/2015 00:00,4/10/2015 00:00,
157,30700873141,Interfaces SA,Pampeana,Ciudad Autonoma Buenos Aires,Ciudad Autonoma De Buenos Aires,59,23/6/2015,29/6/2015,
158,30689026652,Intersoft SA,Pampeana,Ciudad Autonoma Buenos Aires,Ciudad Autonoma De Buenos Aires,25,23/5/2016,27/5/2016,
159,30709175056,Intertron Mobile SA,Pampeana,Cordoba,Cordoba,15,13/3/2015,19/3/2015,
160,30709636878,Intive Fdv SA,Pampeana,Ciudad Autonoma Buenos Aires,Ciudad Autonoma De Buenos Aires,34,6/6/2016 00:00,6/10/2016 00:00,
161,30708732423,Intraway Corporation Sociedad de Responsabilidad Limitada,Pampeana,Ciudad Autonoma Buenos Aires,Ciudad Autonoma De Buenos Aires,145,28/10/2015,11/2/2015 00:00,
162,30710384068,Investigaciones Desarrollos Y Soluciones SRL,Pampeana,Ciudad Autonoma Buenos Aires,Ciudad Autonoma De Buenos Aires,35,5/5/2015 00:00,5/11/2015 00:00,
163,30711017638,Invgate SRL,Pampeana,Ciudad Autonoma Buenos Aires,Ciudad Autonoma De Buenos Aires,40,11/2/2016 00:00,11/7/2016 00:00,
164,30707031014,Inworx Argentina SA,Pampeana,Ciudad Autonoma Buenos Aires,Ciudad Autonoma De Buenos Aires,126,22/9/2015,28/9/2015,
165,30711321523,Iphoideas SA,Pampeana,Ciudad Autonoma Buenos Aires,Ciudad Autonoma De Buenos Aires,81,14/9/2016,19/9/2016,
166,30708885750,Ipsol Sociedad Anonima,Pampeana,Ciudad Autonoma Buenos Aires,Ciudad Autonoma De Buenos Aires,123,22/9/2015,28/9/2015,
167,30708122471,It Patagonia SA,Pampeana,Ciudad Autonoma Buenos Aires,Ciudad Autonoma De Buenos Aires,14,16/3/2015,19/3/2015,
168,30712009442,Itcross SRL,Pampeana,Ciudad Autonoma Buenos Aires,Ciudad Autonoma De Buenos Aires,79,27/12/2016,30/12/2016,
169,30708374756,J & B Solutions SA,Pampeana,Ciudad Autonoma Buenos Aires,Ciudad Autonoma De Buenos Aires,35,23/3/2017,29/3/2017,
170,30707809147,K & Dat Sistemas SA,Pampeana,Ciudad Autonoma De Buenos Aires,Ciudad Autonoma De Buenos Aires,32,31/10/2016,11/2/2016 00:00,
171,30697720185,K N Hsrl,Pampeana,Ciudad Autonoma Buenos Aires,Ciudad Autonoma De Buenos Aires,89,8/7/2015 00:00,13/8/2015,
172,30694376297,Kapsch TrafficCom Argentina,Pampeana,Ciudad Autonoma De Buenos Aires,Belgrano,355E,23/10/2018,24/10/2018,
173,30709024805,Kern-It SRL,Pampeana,Ciudad Autonoma Buenos Aires,Ciudad Autonoma De Buenos Aires,33,23/3/2017,29/3/2017,
174,30715016970,KICKSER S.A.,Pampeana,Ciudad Autonoma De Buenos Aires,Puerto Madero,200,14/3/2019,18/3/2019,
175,30714399523,Kidloom SA,Pampeana,Ciudad Autonoma Buenos Aires,Ciudad Autonoma De Buenos Aires,4-E,10/6/2016 00:00,10/12/2016 00:00,
176,30711623694,Kimn SRL,Pampeana,Ciudad Autonoma Buenos Aires,Ciudad Autonoma De Buenos Aires,30,20/3/2017,22/3/2017,
177,33710676459,Kinetica Solutions SRL,Pampeana,Ciudad Autonoma De Buenos Aires,Ciudad Autonoma De Buenos Aires,78,24/7/2015,30/7/2015,
178,30706036209,Knowledge Management SA,Pampeana,Ciudad Autonoma Buenos Aires,Ciudad Autonoma De Buenos Aires,12,10/6/2016 00:00,10/12/2016 00:00,
179,33709712719,Kunan SA,Pampeana,Cordoba,Cordoba,15,14/10/2016,19/10/2016,
180,30707558373,Lagash Systems S.A.,Pampeana,Ciudad Autonoma De Buenos Aires,Caballito,381,25/10/2018,29/10/2018,
181,30709533939,Lambda Sistemas SRL,Pampeana,Ciudad Autonoma Buenos Aires,Ciudad Autonoma De Buenos Aires,4,2/5/2015 00:00,18/2/2015,
182,30710733844,Lammovil SA,Pampeana,Cordoba,Cordoba,33,27/4/2015,5/4/2015 00:00,
183,30710321201,Latin America Media & Soft SA,Pampeana,Ciudad Autonoma Buenos Aires,Ciudad Autonoma De Buenos Aires,57 E,6/12/2017 00:00,15/6/2017,
184,30686418940,Lazzaroni F Martin Y SAntander Gustavo Daniel SH,Pampeana,Buenos Aires,San Isidro,20,14/10/2016,19/10/2016,
185,30712247114,Leaducate S.A,Pampeana,Ciudad Autonoma De Buenos Aires,Belgrano,66,28/1/2019,30/1/2019,
186,30699385731,Learsoft SRL,Pampeana,Ciudad Autonoma Buenos Aires,Ciudad Autonoma De Buenos Aires,42,16/6/2016,23/6/2016,
187,30707263411,Lempert SA,Pampeana,Cordoba,Cordoba,21,14/10/2016,19/10/2016,
188,30710197144,Levin Software SA,Pampeana,Ciudad Autonoma Buenos Aires,Ciudad Autonoma De Buenos Aires,68,8/11/2016 00:00,16/8/2016,
189,30692209202,Lexor SA,Pampeana,Ciudad Autonoma Buenos Aires,Ciudad Autonoma De Buenos Aires,18 E,16/2/2017,21/2/2017,
190,30687090825,Lider File SA,Pampeana,Ciudad Autonoma Buenos Aires,Ciudad Autonoma De Buenos Aires,82,14/9/2016,19/9/2016,
191,30712019359,Linkedstore Argentina SRL,Pampeana,Ciudad Autonoma Buenos Aires,Ciudad Autonoma De Buenos Aires,304E,25/6/2018,27/6/2018,
192,30715194259,Location Intelligence SA,Pampeana,Ciudad Autonoma Buenos Aires,Ciudad Autonoma De Buenos Aires,14E,29/1/2018,31/1/2018,
193,30698259279,Login Informatica SA,Pampeana,Santa Fe,Rosario,74 E,28/7/2017,8/1/2017 00:00,
194,30708679174,Lpc Condor Technologies SRL,Pampeana,Buenos Aires,San Isidro,40,5/8/2015 00:00,15/5/2015,
195,30707523839,LUMINA AMERICAS S.A.,Pampeana,Ciudad Autonoma De Buenos Aires,Recoleta,458E,20/11/2018,26/11/2018,
196,30712103716,Lyracons SA,Pampeana,Ciudad Autonoma Buenos Aires,Ciudad Autonoma De Buenos Aires,10,17/3/2016,23/3/2016,
197,30685428071,Macena SA,Pampeana,Cordoba,Cordoba,127,22/9/2015,28/9/2015,
198,30711825580,Machinalis SRL,Pampeana,Cordoba,Cordoba,1,2/3/2015 00:00,2/10/2015 00:00,
199,30707424253,Magma Tools SA,Pampeana,Ciudad Autonoma Buenos Aires,Ciudad Autonoma De Buenos Aires,104,29/9/2016,30/9/2016,
200,30715178873,Mapplics SRL,Pampeana,Santa Fe,Rosario,17E,30/1/2018,2/1/2018 00:00,
201,30707583696,Marketec Targeted Solutions S.A.,Pampeana,Buenos Aires,San Isidro,649,26/12/2018,28/12/2018,
202,30708516992,Maxisistemas SRL,Pampeana,Ciudad Autonoma Buenos Aires,Ciudad Autonoma De Buenos Aires,16,18/3/2015,26/3/2015,
203,30710606060,Mbsoft SA,Pampeana,Ciudad Autonoma Buenos Aires,Ciudad Autonoma De Buenos Aires,136,10/8/2015 00:00,15/10/2015,
204,30709931578,Megalogic Software SA,Pampeana,Ciudad Autonoma Buenos Aires,Ciudad Autonoma De Buenos Aires,38,4/3/2017 00:00,4/6/2017 00:00,
205,30687143856,Menhir Sistemas SRL,Pampeana,Ciudad Autonoma Buenos Aires,Ciudad Autonoma De Buenos Aires,18,14/10/2016,19/10/2016,
206,30703088534,Mercadolibre SRL,Pampeana,Ciudad Autonoma De Buenos Aires,Ciudad Autonoma De Buenos Aires,1041,9/11/2015 00:00,17/9/2015,
207,30650986861,Mercap SRL,Pampeana,Ciudad Autonoma Buenos Aires,Ciudad Autonoma De Buenos Aires,45,14/11/2016,17/11/2016,
208,30655434387,Microbas SRL,Pampeana,Ciudad Autonoma Buenos Aires,Ciudad Autonoma De Buenos Aires,96,8/12/2015 00:00,19/8/2015,
209,30711058121,Miniature SRL,Pampeana,Ciudad Autonoma Buenos Aires,Ciudad Autonoma De Buenos Aires,67,13/12/2016,15/12/2016,
210,30698793372,Mobile Computing SA,Pampeana,Ciudad Autonoma Buenos Aires,Ciudad Autonoma De Buenos Aires,173,12/1/2015 00:00,12/9/2015 00:00,
211,30707715363,Mobile I Business SA,Pampeana,Ciudad Autonoma Buenos Aires,Ciudad Autonoma De Buenos Aires,100,13/8/2015,20/8/2015,
212,30712257705,Mobydigital SA,Pampeana,Cordoba,Cordoba,56,24/11/2016,30/11/2016,
213,30680075995,Most SA,Pampeana,Ciudad Autonoma Buenos Aires,Ciudad Autonoma De Buenos Aires,176,12/1/2015 00:00,12/9/2015 00:00,
214,30710463669,Ms Technologies SA,Pampeana,Santa Fe,Rosario,38,11/2/2016 00:00,11/7/2016 00:00,
215,30698491295,Muller & Asociados SRL,Pampeana,Cordoba,Cordoba,132,22/9/2015,10/1/2015 00:00,
216,30714313513,Mundo Data Social SA,Pampeana,Ciudad Autonoma Buenos Aires,Ciudad Autonoma De Buenos Aires,8-E,10/6/2016 00:00,10/12/2016 00:00,
217,30710021771,Mva SA,Pampeana,Cordoba,Cordoba,54,24/11/2016,30/11/2016,
218,30709561258,Nemo SA,Pampeana,Santa Fe,Rosario,71 E,7/6/2017 00:00,7/11/2017 00:00,
219,30714636592,Neo Consultores SA,Pampeana,Santa Fe,Rosario,64 E,26/6/2017,28/6/2017,
220,30710717644,Neo Sistemas SRL,Pampeana,Santa Fe,Rosario,58 E,6/12/2017 00:00,15/6/2017,
221,30693682084,Neorisargentina SA,Pampeana,Santa Fe,Rosario,95,8/12/2015 00:00,19/8/2015,
222,30709811440,Neosur SA,Pampeana,Cordoba,Cordoba,97,23/9/2016,28/9/2016,
223,30708415908,Netactica SA,Pampeana,Ciudad Autonoma De Buenos Aires,Ciudad Autonoma De Buenos Aires,104,26/8/2015,9/1/2015 00:00,
224,30708995157,Netlabs SRL,Pampeana,Ciudad Autonoma Buenos Aires,Ciudad Autonoma De Buenos Aires,78,26/12/2016,29/12/2016,
225,30674951023,Neuralsoft SRL,Pampeana,Santa Fe,Rosario,52,6/1/2015 00:00,6/8/2015 00:00,
226,30655104670,New Technologies SRL,Pampeana,Ciudad Autonoma Buenos Aires,Ciudad Autonoma De Buenos Aires,162,17/11/2015,23/11/2015,
227,33711351979,Nexbas SA,Pampeana,Ciudad Autonoma Buenos Aires,Ciudad Autonoma De Buenos Aires,65,13/12/2016,15/12/2016,
228,30708408944,Nexion Solutions SA,Pampeana,Ciudad Autonoma Buenos Aires,Ciudad Autonoma De Buenos Aires,26 E,3/2/2017 00:00,3/6/2017 00:00,
229,30715204416,Next Flow SA,Pampeana,Ciudad Autonoma Buenos Aires,Ciudad Autonoma De Buenos Aires,8E,22/1/2018,24/1/2018,
230,30708973358,Next It Sociedad Anonima,Pampeana,Buenos Aires,Mar Del Plata,1088,23/9/2015,29/9/2015,
231,30714847593,Nubeliu Argentina SRL,Pampeana,Buenos Aires,Martinez,136E,24/4/2018,25/4/2018,
232,33676289009,Odea SRL,Pampeana,Ciudad Autonoma Buenos Aires,Ciudad Autonoma De Buenos Aires,82,28/7/2015,31/7/2015,
233,33711119049,Onapsis SRL,Pampeana,Ciudad Autonoma Buenos Aires,Ciudad Autonoma De Buenos Aires,37,31/10/2016,11/3/2016 00:00,
234,30711325200,Oneloop SRL,Pampeana,Ciudad Autonoma Buenos Aires,Ciudad Autonoma De Buenos Aires,546E,15/8/2018,17/8/2018,
235,30650208834,Open Solutionsargentina SA,Pampeana,Ciudad Autonoma Buenos Aires,Ciudad Autonoma De Buenos Aires,60,23/6/2015,29/6/2015,
236,30712097953,Openpyme SRL,Pampeana,Ciudad Autonoma Buenos Aires,Ciudad Autonoma De Buenos Aires,47 E,16/5/2017,19/5/2017,
237,30710559658,OPRATEL S.A.,Pampeana,Ciudad Autonoma De Buenos Aires,Mataderos,318E,17/10/2018,19/10/2018,
238,30707503617,Opticom Sociedad Anonima,Pampeana,Ciudad Autonoma Buenos Aires,Ciudad Autonoma De Buenos Aires,61,23/6/2015,29/6/2015,
239,33715554769,Out of the box,Pampeana,Buenos Aires,La Plata,574E,23/8/2018,27/8/2018,
240,30710359691,Pagustech SRL,Pampeana,Ciudad Autonoma Buenos Aires,Ciudad Autonoma De Buenos Aires,3,28/1/2016,29/1/2016,
241,30714121029,Paisanos Creando SRL,Pampeana,Ciudad Autonoma Buenos Aires,Ciudad Autonoma De Buenos Aires,84 E,9/5/2017 00:00,9/8/2017 00:00,
242,30711532605,Pampa Business Ideas SRL,Pampeana,Santa Fe,Rosario,4,16/1/2017,18/1/2017,
243,30711723141,Patagoniansys SRL,Patagonia,Rio Negro,General Roca,78,9/9/2016 00:00,14/9/2016,
244,30712253106,Pathfinding SA,Noreste,Entre Rios,Parana,59 E,6/12/2017 00:00,15/6/2017,
245,30621545503,Pc Lab SA,Pampeana,Ciudad Autonoma Buenos Aires,Ciudad Autonoma De Buenos Aires,29,20/10/2016,25/10/2016,
246,30714547883,PC NET S.A.,Pampeana,Buenos Aires,La Plata,203,21/3/2019,25/3/2019,
247,30708641835,Penta Consulting SA,Pampeana,Ciudad Autonoma Buenos Aires,Ciudad Autonoma De Buenos Aires,76,9/9/2016 00:00,14/9/2016,
248,30710039522,Perception Group SA,Pampeana,Ciudad Autonoma De Buenos Aires,Ciudad Autonoma De Buenos Aires,50 E,24/5/2017,30/5/2017,
249,33663259569,Physis Informatica SRL,Pampeana,Ciudad Autonoma Buenos Aires,Ciudad Autonoma De Buenos Aires,170,12/1/2015 00:00,12/9/2015 00:00,
250,30711764123,Pigmalion Studios SRL,Pampeana,Ciudad Autonoma Buenos Aires,Ciudad Autonoma De Buenos Aires,10,10/6/2016 00:00,10/12/2016 00:00,
251,30712071601,Pizquiz Solutions SA,Pampeana,Ciudad Autonoma Buenos Aires,Ciudad Autonoma De Buenos Aires,113 E,27/10/2017,11/1/2017 00:00,
252,30650966739,Planexware SA,Pampeana,Ciudad Autonoma Buenos Aires,Ciudad Autonoma De Buenos Aires,402,14/11/2014,20/11/2014,
253,30711604029,Planifi-K Logistics Solutions SRL,Pampeana,Ciudad Autonoma Buenos Aires,Ciudad Autonoma De Buenos Aires,151E,3/5/2018 00:00,5/7/2018 00:00,
254,30707727590,Plus Sistemas SA,Pampeana,Ciudad Autonoma Buenos Aires,Ciudad Autonoma De Buenos Aires,7,24/2/2015,3/2/2015 00:00,
255,30711771987,Polar Bear Development SRL,Pampeana,Ciudad Autonoma Buenos Aires,Ciudad Autonoma De Buenos Aires,17,14/10/2016,19/10/2016,
256,30650531066,Posbeyikian Buchter Y Asociados SA,Pampeana,Buenos Aires,Vicente Lopez,41,5/8/2015 00:00,15/5/2015,
257,30708099143,Power Solution SA,Cuyo,Mendoza,Mendoza,66,8/11/2016 00:00,16/8/2016,
258,30709468363,Pragma Tecnologia Y Desarrollo SRL,Pampeana,Ciudad Autonoma Buenos Aires,Ciudad Autonoma De Buenos Aires,61,8/2/2016 00:00,8/9/2016 00:00,
259,30698951849,Primary Brokers SA,Pampeana,Ciudad Autonoma De Buenos Aires,Ciudad Autonoma De Buenos Aires,5-E,10/6/2016 00:00,10/12/2016 00:00,
260,30691281945,Process Technologies SA,Pampeana,Ciudad Autonoma Buenos Aires,Ciudad Autonoma De Buenos Aires,99,27/9/2016,30/9/2016,
261,30708934824,Procoop SRL,Pampeana,Cordoba,Monte Maiz,71,22/8/2016,25/8/2016,
262,30712255532,Profit Sistemas SRL,Pampeana,Santa Fe,Rosario,46,7/7/2016 00:00,14/7/2016,
263,30708597739,Projects Consulting SRL,Pampeana,Santa Fe,Rosario,146,28/10/2015,11/2/2015 00:00,
264,33693294059,Prosys SA,Pampeana,Ciudad Autonoma Buenos Aires,Ciudad Autonoma De Buenos Aires,23,16/5/2016,20/5/2016,
265,30695043895,Q4Tech Argentina SA,Pampeana,Ciudad Autonoma Buenos Aires,Ciudad Autonoma De Buenos Aires,39,15/6/2016,22/6/2016,
266,30714774529,QG SRL,Pampeana,Ciudad Autonoma De Buenos Aires,Palermo,342E,22/10/2018,23/10/2018,
267,30682289569,Qplus Consultores SA,Pampeana,Cordoba,Cordoba,96,23/9/2016,28/9/2016,
268,30709101907,Qservices SRL,Pampeana,Ciudad Autonoma Buenos Aires,Ciudad Autonoma De Buenos Aires,400,14/11/2014,20/11/2014,
269,30712257276,Qstom SRL,Pampeana,Ciudad Autonoma Buenos Aires,Ciudad Autonoma De Buenos Aires,88 E,9/11/2017 00:00,14/9/2017,
270,30711332614,Quadminds Technologies SA,Pampeana,Ciudad Autonoma Buenos Aires,Ciudad Autonoma De Buenos Aires,123 E,27/11/2017,30/11/2017,
271,30707848339,Quality Soft Argentina SA,Pampeana,Ciudad Autonoma De Buenos Aires,Ciudad Autonoma De Buenos Aires,130,22/9/2015,10/1/2015 00:00,
272,30709987808,Quantia SA,Pampeana,Ciudad Autonoma Buenos Aires,Ciudad Autonoma De Buenos Aires,129,22/9/2015,10/1/2015 00:00,
273,30711661235,R/Ga Media Group SA,Pampeana,Ciudad Autonoma De Buenos Aires,Ciudad Autonoma De Buenos Aires,124 E,28/11/2017,30/11/2017,
274,30709670359,Recursiva SRL,Pampeana,Ciudad Autonoma Buenos Aires,Ciudad Autonoma De Buenos Aires,120 E,15/11/2017,17/11/2017,
275,33629749859,Red Link Sociedad Anonima,Pampeana,Ciudad Autonoma De Buenos Aires,Ciudad Autonoma De Buenos Aires,62,8/11/2016 00:00,16/8/2016,
276,30714155667,Redbee Studios SA,Pampeana,Ciudad Autonoma Buenos Aires,Ciudad Autonoma De Buenos Aires,13 E,2/8/2017 00:00,13/2/2017,
277,30699152990,Renxo SA,Pampeana,Ciudad Autonoma Buenos Aires,Ciudad Autonoma De Buenos Aires,52,24/11/2016,30/11/2016,
278,30707053956,Request SA,Pampeana,Ciudad Autonoma Buenos Aires,Ciudad Autonoma De Buenos Aires,58,23/6/2015,29/6/2015,
279,30611161022,Reservsrl,Pampeana,Ciudad Autonoma Buenos Aires,Ciudad Autonoma De Buenos Aires,10,3/3/2015 00:00,3/6/2015 00:00,
280,33712220169,Resolvit International SA,Pampeana,Ciudad Autonoma De Buenos Aires,Ciudad Autonoma De Buenos Aires,60,8/2/2016 00:00,8/9/2016 00:00,
281,30711696306,Restorando SA,Pampeana,Ciudad Autonoma Buenos Aires,Ciudad Autonoma De Buenos Aires,3E,19/1/2018,22/1/2018,
282,30710049277,Rojosoft SRL,Pampeana,Cordoba,Villa Maria,114,9/8/2015 00:00,14/9/2015,
283,33711377889,Rucatech Soluciones Tecnologicas SRL,Pampeana,Ciudad Autonoma Buenos Aires,Ciudad Autonoma De Buenos Aires,36,30/3/2017,4/3/2017 00:00,
284,30651059204,Ryaco SA,Pampeana,Ciudad Autonoma Buenos Aires,Ciudad Autonoma De Buenos Aires,47,22/5/2015,28/5/2015,
285,30710219555,S.D.C. SRL,Pampeana,Buenos Aires,Tandil,45,5/12/2015 00:00,18/5/2015,
286,30682969950,Sam Sistemas SRL,Pampeana,Ciudad Autonoma Buenos Aires,Ciudad Autonoma De Buenos Aires,72,21/7/2015,27/7/2015,
287,30709262994,Santex America SA,Pampeana,Cordoba,Cordoba,95,23/9/2016,28/9/2016,
288,30709029513,Sdbl SRL,Pampeana,Ciudad Autonoma Buenos Aires,Ciudad Autonoma De Buenos Aires,74,24/7/2015,30/7/2015,
289,30707970428,Seidor Technologies SA,Pampeana,Ciudad Autonoma De Buenos Aires,Ciudad Autonoma De Buenos Aires,54 E,6/5/2017 00:00,6/8/2017 00:00,
290,30710651597,Sendatel SA,Pampeana,Ciudad Autonoma Buenos Aires,Ciudad Autonoma De Buenos Aires,23 E,23/2/2017,24/2/2017,
291,30712225870,Serfe SA,Pampeana,Santa Fe,Santo Tome,63 E,19/6/2017,23/6/2017,
292,30714722448,Servicios De SuscripciÃ³n Digitales SA,Pampeana,Ciudad Autonoma Buenos Aires,Ciudad Autonoma De Buenos Aires,6E,19/1/2018,22/1/2018,
293,30663335932,Servicios Tecnologicos Integrales SA,Pampeana,Ciudad Autonoma Buenos Aires,Ciudad Autonoma De Buenos Aires,148,28/10/2015,11/2/2015 00:00,
294,30712336427,Sfs SRL,Pampeana,Santa Fe,Ruinas Santa Fe La Vieja,506E,8/9/2018 00:00,13/8/2018,
295,30707117458,Sia Sistemas SA,Pampeana,Ciudad Autonoma Buenos Aires,Ciudad Autonoma De Buenos Aires,74,29/8/2016,9/1/2016 00:00,
296,30707204652,Sidesys SRL,Pampeana,Ciudad Autonoma Buenos Aires,Ciudad Autonoma De Buenos Aires,35,6/9/2016 00:00,15/6/2016,
297,30710898096,Sigma It Solutions,Pampeana,Buenos Aires,Campana,576,13/12/2018,17/12/2018,
298,30714660094,Simtlix SRL,Pampeana,Cordoba,Villa Allende,96 E,26/9/2017,29/9/2017,
299,30652162041,Sisdam SA,Pampeana,Ciudad Autonoma Buenos Aires,Ciudad Autonoma De Buenos Aires,16,14/10/2016,19/10/2016,
300,30707792082,Sisem Soluciones de Informacion SA,Pampeana,Ciudad Autonoma Buenos Aires,Ciudad Autonoma De Buenos Aires,50,7/7/2016 00:00,14/7/2016,
301,30708410132,Sisorg SRL,Pampeana,Ciudad Autonoma Buenos Aires,Ciudad Autonoma De Buenos Aires,29 E,14/3/2017,17/3/2017,
302,30714322113,Sistek Soluciones Informaticas SRL,Pampeana,Ciudad Autonoma Buenos Aires,Ciudad Autonoma De Buenos Aires,2,28/1/2016,29/1/2016,
303,30609563636,Sistemas Bejerman SA,Pampeana,Ciudad Autonoma De Buenos Aires,Ciudad Autonoma De Buenos Aires,115,9/8/2015 00:00,14/9/2015,
304,33646674099,Sistemas Esco SRL,Pampeana,Ciudad Autonoma Buenos Aires,Ciudad Autonoma De Buenos Aires,80,24/7/2015,30/7/2015,
305,30708406917,Sistemas Globales SA,Pampeana,Ciudad Autonoma De Buenos Aires,Ciudad Autonoma De Buenos Aires,17,18/3/2015,26/3/2015,
306,30710453140,Sistemas Quilate SA,Pampeana,Ciudad Autonoma Buenos Aires,Ciudad Autonoma De Buenos Aires,61,12/6/2016 00:00,13/12/2016,
307,30708106883,Sistemasactivos SRL,Pampeana,Ciudad Autonoma Buenos Aires,Ciudad Autonoma De Buenos Aires,154,11/4/2015 00:00,11/10/2015 00:00,
308,30588308150,Sistran Consultores SA,Pampeana,Ciudad Autonoma De Buenos Aires,Ciudad Autonoma De Buenos Aires,83,14/9/2016,19/9/2016,
309,30714489670,Slotone SRL,Pampeana,Ciudad Autonoma Buenos Aires,Ciudad Autonoma De Buenos Aires,128 E,12/11/2017 00:00,13/12/2017,
310,33685885579,Smart Business Solutions SA,Pampeana,Ciudad Autonoma Buenos Aires,Ciudad Autonoma De Buenos Aires,1218,19/11/2015,25/11/2015,
311,30713398205,Smart It SRL,Pampeana,Cordoba,Cordoba,51,7/7/2016 00:00,14/7/2016,
312,30709455938,Sms Sistemas SRL,Pampeana,Ciudad Autonoma Buenos Aires,Ciudad Autonoma De Buenos Aires,20,4/11/2016 00:00,15/4/2016,
313,30710829736,Snappler Sociedad de Responsabilidad Limitada,Pampeana,Buenos Aires,La Plata,13,17/3/2016,31/3/2016,
314,30707459162,Snoop Consulting Sociedad de Responsabilidad Limitada,Pampeana,Ciudad Autonoma Buenos Aires,Ciudad Autonoma De Buenos Aires,15 E,16/2/2017,20/2/2017,
315,30710508735,Soflex SA,Pampeana,Ciudad Autonoma Buenos Aires,Ciudad Autonoma De Buenos Aires,322E,29/6/2018,7/3/2018 00:00,
316,30656992235,Sofrecom Argentina Sociedad Anonima,Pampeana,Ciudad Autonoma De Buenos Aires,Ciudad Autonoma De Buenos Aires,116,9/8/2015 00:00,14/9/2015,
317,30701260607,Soft Office SA,Pampeana,Ciudad Autonoma Buenos Aires,Ciudad Autonoma De Buenos Aires,167,25/11/2015,12/1/2015 00:00,
318,33692134309,Softing SRL,Pampeana,Ciudad Autonoma Buenos Aires,Ciudad Autonoma De Buenos Aires,15,4/7/2016 00:00,4/12/2016 00:00,
319,30646941136,Softland Argentina SA,Pampeana,Ciudad Autonoma De Buenos Aires,Ciudad Autonoma De Buenos Aires,49,15/11/2016,18/11/2016,
320,30712254846,Softseg SA,Pampeana,Ciudad Autonoma De Buenos Aires,Ciudad Autonoma De Buenos Aires,84,28/7/2015,31/7/2015,
321,30661936491,Software America SA,Pampeana,Ciudad Autonoma Buenos Aires,Ciudad Autonoma De Buenos Aires,53,6/1/2015 00:00,6/9/2015 00:00,
322,30711900272,Solidmation SA,Pampeana,Ciudad Autonoma Buenos Aires,Ciudad Autonoma De Buenos Aires,31,31/10/2016,11/2/2016 00:00,
323,30708669217,Soluciones InformÃ¡ticas Globales SA,Pampeana,Ciudad Autonoma De Buenos Aires,Ciudad Autonoma De Buenos Aires,9 E,2/7/2017 00:00,2/10/2017 00:00,
324,30658210595,Soluciones Integrales SA,Pampeana,Ciudad Autonoma Buenos Aires,Ciudad Autonoma De Buenos Aires,34,5/4/2015 00:00,27/4/2015,
325,30715167871,Soluciones Simplex SRL,Pampeana,Buenos Aires,Junin,70 E,7/6/2017 00:00,7/11/2017 00:00,
326,30710621159,Solutica SRL,Pampeana,Ciudad Autonoma De Buenos Aires,Ciudad Autonoma De Buenos Aires,77 E,28/7/2017,8/1/2017 00:00,
327,30709434485,Sorzana SA,Pampeana,Cordoba,Villa Maria,32,20/4/2015,23/4/2015,
328,30708802219,Southworks SRL,Pampeana,Ciudad Autonoma Buenos Aires,Ciudad Autonoma De Buenos Aires,77,24/7/2015,30/7/2015,
329,30709976164,Spgt Y T SA,Pampeana,Ciudad Autonoma Buenos Aires,Ciudad Autonoma De Buenos Aires,97 E,26/9/2017,29/9/2017,
330,30708894601,Staffing It SA,Pampeana,Ciudad Autonoma Buenos Aires,Ciudad Autonoma De Buenos Aires,84,15/9/2016,20/9/2016,
331,30714244740,Stechs SRL,Pampeana,Ciudad Autonoma Buenos Aires,Ciudad Autonoma De Buenos Aires,132E,27/12/2017,29/12/2017,
332,30706033471,Sub1,Pampeana,Ciudad Autonoma De Buenos Aires,Ciudad Autonoma De Buenos Aires,54,6/1/2015 00:00,6/9/2015 00:00,
333,30710900546,Summa Solutions SRL,Pampeana,Ciudad Autonoma Buenos Aires,Ciudad Autonoma De Buenos Aires,58,29/11/2016,12/1/2016 00:00,
334,30709855499,Sur Emprendimientos Tecnologicos SRL,Pampeana,Ciudad Autonoma Buenos Aires,Ciudad Autonoma De Buenos Aires,141,15/10/2015,21/10/2015,
335,30691703629,Synthesis Information Technology SRL,Pampeana,Buenos Aires,Florida Oeste,79,24/7/2015,30/7/2015,
336,30709603929,Syscac,Pampeana,Ciudad Autonoma Buenos Aires,Ciudad Autonoma De Buenos Aires,3,2/5/2015 00:00,2/11/2015 00:00,
337,30707042180,Systech SA,Pampeana,Ciudad Autonoma Buenos Aires,Ciudad Autonoma De Buenos Aires,14,14/10/2016,19/10/2016,
338,30714521965,Szicom SRL,Pampeana,Santa Fe,Rosario,41,11/7/2016 00:00,11/10/2016 00:00,
339,30703457424,T I SA,Pampeana,Buenos Aires,San Justo,138,10/8/2015 00:00,16/10/2015,
340,30640605673,T P S Tecnologia En Produccion de Sistemas Sociedad Anonima,Pampeana,Ciudad Autonoma Buenos Aires,Ciudad Autonoma De Buenos Aires,19,14/10/2016,19/10/2016,
341,30711089213,Taller Technologies Sociedad Anomina,Pampeana,Cordoba,Cordoba,21,20/3/2015,30/3/2015,
342,30709276332,Tango Technologies SA,Pampeana,Ciudad Autonoma Buenos Aires,Ciudad Autonoma De Buenos Aires,142,15/10/2015,21/10/2015,
343,30695330134,Tar Net SA,Pampeana,Ciudad Autonoma Buenos Aires,Ciudad Autonoma De Buenos Aires,22,14/10/2016,19/10/2016,
344,30710361076,Teceng Gaming SA,Pampeana,Ciudad Autonoma Buenos Aires,Ciudad Autonoma De Buenos Aires,66,13/12/2016,15/12/2016,
345,30711438609,Techbi SRL,Pampeana,Santa Fe,Rosario,9-E,10/6/2016 00:00,10/12/2016 00:00,
346,30704937314,Technisys SA,Pampeana,Ciudad Autonoma Buenos Aires,Ciudad Autonoma De Buenos Aires,15E,29/1/2018,31/1/2018,
347,30708829885,Technology Ventures SA,Pampeana,Buenos Aires,Olivos,27 E,13/3/2017,16/3/2017,
348,30627389899,Tecno Accion SA,Pampeana,Ciudad Autonoma Buenos Aires,Ciudad Autonoma De Buenos Aires,484E,31/7/2018,8/2/2018 00:00,
349,33710729609,Tecno Azar SA,Pampeana,Ciudad Autonoma Buenos Aires,Ciudad Autonoma De Buenos Aires,102,27/9/2016,30/9/2016,
350,30707874518,Tecnoap SA,Pampeana,Buenos Aires,La Plata,2,2/5/2015 00:00,2/11/2015 00:00,
351,30710769350,Tecnom SRL,Pampeana,Buenos Aires,Manuel B Gonnet,69,16/12/2016,20/12/2016,
352,33606066959,Tecnosoftware SA,Pampeana,Ciudad Autonoma Buenos Aires,Ciudad Autonoma De Buenos Aires,39,4/10/2017 00:00,17/4/2017,
353,30658138630,Tekhne Sociedad Anonima,Pampeana,Ciudad Autonoma De Buenos Aires,Ciudad Autonoma De Buenos Aires,110,9/4/2015 00:00,9/10/2015 00:00,
354,33710328809,TEKii SRL,Pampeana,Ciudad Autonoma De Buenos Aires,Villa Urquiza,145,22/2/2019,26/2/2019,
355,30711402450,Tenaxsoft SRL,Pampeana,Ciudad Autonoma Buenos Aires,Ciudad Autonoma De Buenos Aires,95E,9/4/2018 00:00,4/11/2018 00:00,
356,33710398629,Termmed SA,Pampeana,Ciudad Autonoma Buenos Aires,Ciudad Autonoma De Buenos Aires,67 E,7/3/2017 00:00,7/6/2017 00:00,
357,30685472917,Tesis SA,Pampeana,Santa Fe,Rosario,65,8/11/2016 00:00,16/8/2016,
358,30656170839,Tezamatsrl,Pampeana,Ciudad Autonoma Buenos Aires,Ciudad Autonoma De Buenos Aires,79,14/9/2016,19/9/2016,
359,30714399388,Tfl SA,Pampeana,Ciudad Autonoma Buenos Aires,Ciudad Autonoma De Buenos Aires,28,20/10/2016,25/10/2016,
360,30712359435,Thalamus SA,Pampeana,Ciudad Autonoma Buenos Aires,Ciudad Autonoma De Buenos Aires,47,7/7/2016 00:00,14/7/2016,
361,30711778043,THARSIS IT ARGENTINA S.A.,Pampeana,Buenos Aires,San Miguel,190,13/3/2019,15/3/2019,
362,30714496421,The Amalgama SRL,Pampeana,Ciudad Autonoma Buenos Aires,Ciudad Autonoma De Buenos Aires,98E,13/4/2018,16/4/2018,
363,30710041799,The Cactus Group SA,Pampeana,Ciudad Autonoma Buenos Aires,Ciudad Autonoma De Buenos Aires,80,28/12/2016,30/12/2016,
364,30708604883,Thinksoft Argentina SA,Pampeana,Cordoba,Cordoba,166,25/11/2015,12/1/2015 00:00,
365,30707621911,Tiarg SA,Pampeana,Ciudad Autonoma Buenos Aires,Ciudad Autonoma De Buenos Aires,19 E,16/2/2017,21/2/2017,
366,30711961085,Tips SA,Pampeana,Cordoba,Cordoba,379E,13/7/2018,17/7/2018,
367,30714095931,Toolbox Digital SA,Pampeana,Ciudad Autonoma Buenos Aires,Ciudad Autonoma De Buenos Aires,45 E,16/5/2017,19/5/2017,
368,30700502046,Topgroup SA,Pampeana,Ciudad Autonoma Buenos Aires,Ciudad Autonoma De Buenos Aires,112,9/4/2015 00:00,9/10/2015 00:00,
369,30715104187,TPM Pro,Pampeana,Ciudad Autonoma De Buenos Aires,Constitución,50,18/1/2019,22/1/2019,
370,33707067719,Trilogic SRL,Patagonia,Rio Negro,San Carlos De Bariloche,151,28/10/2015,11/2/2015 00:00,
371,30711338345,Trinomio Software Factory SRL,Pampeana,Ciudad Autonoma De Buenos Aires,San Nicolás,461,23/11/2018,27/11/2018,
372,30704464076,Tsoft SA,Pampeana,Ciudad Autonoma Buenos Aires,Ciudad Autonoma De Buenos Aires,125,22/9/2015,28/9/2015,
373,30711020906,Tu Portal SRL,Pampeana,Santa Fe,Rosario,9,16/3/2016,22/3/2016,
374,30715038176,Tultix SRL,Pampeana,Ciudad Autonoma Buenos Aires,Ciudad Autonoma De Buenos Aires,95 E,26/9/2017,29/9/2017,
375,30708311266,UNIENDO MERCADOS SA,Pampeana,Ciudad Autonoma De Buenos Aires,Monserrat,432,11/7/2018 00:00,11/9/2018 00:00,
376,30648789714,Unitech SA,Pampeana,Ciudad Autonoma Buenos Aires,Ciudad Autonoma De Buenos Aires,135,10/8/2015 00:00,15/10/2015,
377,30715252402,URUPE SAS,Noreste,Chaco,Resistencia,108,18/2/2019,2/12/2019 00:00,
378,30648242197,Valdimor SA,Pampeana,Ciudad Autonoma Buenos Aires,Ciudad Autonoma De Buenos Aires,43,22/6/2016,27/6/2016,
379,30698507892,Vates SA,Pampeana,Cordoba,Cordoba,9,27/2/2015,3/5/2015 00:00,
380,30711152365,Velocity Partnersargentina SRL,Pampeana,Ciudad Autonoma De Buenos Aires,Ciudad Autonoma De Buenos Aires,63,13/12/2016,15/12/2016,
381,30708952083,Vemn SA,Pampeana,Ciudad Autonoma Buenos Aires,Ciudad Autonoma De Buenos Aires,111,9/4/2015 00:00,9/10/2015 00:00,
382,30707819193,Advanced Resources SA,Pampeana,Ciudad Autonoma Buenos Aires,Ciudad Autonoma De Buenos Aires,19,4/7/2016 00:00,4/12/2016 00:00,
383,30710242697,Advenio Software SRL,Pampeana,Buenos Aires,Mar Del Plata,390,11/4/2014 00:00,20/11/2014,
384,30703124123,Advertmind SA,Pampeana,Ciudad Autonoma Buenos Aires,Ciudad Autonoma De Buenos Aires,134,25/9/2015,10/8/2015 00:00,
385,30709521515,Aero Transport Engineering Consulting SA,Pampeana,Cordoba,Cordoba,161,17/11/2015,23/11/2015,
386,30712469761,Aerolab SRL,Pampeana,Ciudad Autonoma Buenos Aires,Ciudad Autonoma De Buenos Aires,34,23/3/2017,29/3/2017,
387,30715166522,Alas It SRL,Pampeana,Ciudad Autonoma Buenos Aires,Ciudad Autonoma De Buenos Aires,427E,23/7/2018,25/7/2018,
388,30712461221,All Online Solutions SA,Pampeana,Ciudad Autonoma Buenos Aires,Ciudad Autonoma De Buenos Aires,109 E,23/10/2017,26/10/2017,
389,30659514628,ALMUNDO.COM S.R.L.,Pampeana,Ciudad Autonoma De Buenos Aires,Retiro,633E,20/12/2018,26/12/2018,
390,30708811528,Alsurdelsur Sistemas Sociedad Anonima,Pampeana,Ciudad Autonoma Buenos Aires,Ciudad Autonoma De Buenos Aires,16 E,16/2/2017,21/2/2017,
391,30661938168,AMTEK S.R.L.,Pampeana,Buenos Aires,Olivos,240,13/5/2019,15/5/2019,
392,30701303535,Apernet SA,Pampeana,Ciudad Autonoma Buenos Aires,Ciudad Autonoma De Buenos Aires,158,17/11/2015,23/11/2015,
393,30707977740,Apg Consulting SRL,Pampeana,Ciudad Autonoma Buenos Aires,Ciudad Autonoma De Buenos Aires,32,6/2/2016 00:00,6/7/2016 00:00,
394,30708954639,AR CONSULTORE S.R.L.,Pampeana,Cordoba,Córdoba,423E,11/6/2018 00:00,7/11/2018 00:00,
395,33714784329,Ar Media Services S.A,Pampeana,Buenos Aires,Vicente Lopez,10E,29/1/2018,31/1/2018,
396,30652880610,Ardison Software SRL,Pampeana,Ciudad Autonoma Buenos Aires,Ciudad Autonoma De Buenos Aires,44,14/11/2016,17/11/2016,
397,33715740309,Argentalent SAS,Pampeana,Ciudad Autonoma De Buenos Aires,Palermo,37,16/1/2019,18/1/2019,
398,30588311844,Arizmendi Computos SA,Pampeana,Ciudad Autonoma Buenos Aires,Ciudad Autonoma De Buenos Aires,85,15/9/2016,20/9/2016,
399,30711930538,Arquimeda SRL,Pampeana,Ciudad Autonoma Buenos Aires,Ciudad Autonoma De Buenos Aires,12 E,2/7/2017 00:00,2/10/2017 00:00,
400,30661879234,Artware SRL,Pampeana,Ciudad Autonoma Buenos Aires,Ciudad Autonoma De Buenos Aires,56,13/7/2016,18/7/2016,
401,30710742584,Ascentio Technologies SA,Pampeana,Cordoba,Cordoba,12,17/3/2016,23/3/2016,
402,30676235309,Ases Consulting SA,Pampeana,Ciudad Autonoma Buenos Aires,Ciudad Autonoma De Buenos Aires,18E,30/1/2018,2/1/2018 00:00,
403,30714672661,Assertia Solutions SA,Pampeana,Buenos Aires,Bahia Blanca,390E,16/5/2018,18/7/2018,
404,30710843992,Ataway SA,Pampeana,Ciudad Autonoma Buenos Aires,Ciudad Autonoma De Buenos Aires,33,6/6/2016 00:00,6/10/2016 00:00,
405,30714075477,Atix Labs,Pampeana,Ciudad Autonoma De Buenos Aires,Chacarita,551E,12/11/2018 00:00,12/12/2018 00:00,
406,30603886123,Atos It Solutions and Services SA,Pampeana,Ciudad Autonoma De Buenos Aires,Ciudad Autonoma De Buenos Aires,57,13/7/2016,18/7/2016,
407,30646279174,Atsadvanced Technology Solutions SA,Pampeana,Ciudad Autonoma De Buenos Aires,Ciudad Autonoma De Buenos Aires,70,21/7/2015,27/7/2015,
408,30710108680,Autex SA,Pampeana,Cordoba,Villa Maria,49 E,24/5/2017,30/5/2017,
409,30631658810,Axoft Argentina Sociedad Anonima,Pampeana,Ciudad Autonoma Buenos Aires,Ciudad Autonoma De Buenos Aires,137,10/8/2015 00:00,15/10/2015,
410,30715163515,Ayres It SRL,Pampeana,Ciudad Autonoma Buenos Aires,Ciudad Autonoma De Buenos Aires,559E,16/8/2018,21/8/2018,
411,30682963081,B Q S SRL,Pampeana,Ciudad Autonoma Buenos Aires,Ciudad Autonoma De Buenos Aires,48 E,16/5/2017,19/5/2017,
412,30707290281,Badi Sociedad de Responsabilidad Limitada,Pampeana,Cordoba,Cordoba,55,13/7/2016,18/7/2016,
413,33709320039,Base Global SA,Pampeana,Ciudad Autonoma Buenos Aires,Ciudad Autonoma De Buenos Aires,38,5/5/2015 00:00,5/11/2015 00:00,
414,30715769065,Basecodeit Argentina SRL,Pampeana,Buenos Aires,Lanús,22,15/1/2019,17/1/2019,
415,30710615876,Bdev SA,Pampeana,Buenos Aires,Vicente Lopez,49,6/1/2015 00:00,6/5/2015 00:00,
416,30710674678,Bdt Group SRL,Pampeana,Ciudad Autonoma Buenos Aires,Ciudad Autonoma De Buenos Aires,11,3/6/2015 00:00,3/11/2015 00:00,
417,30710933371,Beclever SA,Pampeana,Buenos Aires,Acassuso,68,16/12/2016,20/12/2016,
418,30714292311,Bethink SRL,Pampeana,Ciudad Autonoma Buenos Aires,Ciudad Autonoma De Buenos Aires,314E,28/6/2018,29/6/2018,
419,30697566127,Bf Argentina SA,Pampeana,Ciudad Autonoma Buenos Aires,Ciudad Autonoma De Buenos Aires,169,12/1/2015 00:00,12/9/2015 00:00,
420,30711595941,Biside C.S. SA,Pampeana,Buenos Aires,Mar Del Plata,157,17/11/2015,23/11/2015,
421,30613203385,Bit SA,Pampeana,Cordoba,Villa Maria,63,26/6/2015,30/6/2015,
422,33709870799,Bizit Global SA,Pampeana,Cordoba,Cordoba,18,18/3/2015,26/3/2015,
423,30677486577,Blc SA,Pampeana,Santa Fe,Rosario,85 E,9/5/2017 00:00,9/8/2017 00:00,
424,30710521634,Blue Patagon SRL,Pampeana,Ciudad Autonoma Buenos Aires,Ciudad Autonoma De Buenos Aires,4,19/2/2015,25/2/2015,
425,30712207155,Boxitsoft SRL,Pampeana,Buenos Aires,Mar Del Plata,1E,15/1/2018,16/1/2018,
426,30711455139,Bp4 SA,Pampeana,Ciudad Autonoma Buenos Aires,Ciudad Autonoma De Buenos Aires,16,4/7/2016 00:00,4/12/2016 00:00,
427,30709519987,Veritran SA,Pampeana,Ciudad Autonoma Buenos Aires,Ciudad Autonoma De Buenos Aires,55 E,6/6/2017 00:00,6/9/2017 00:00,
428,30710160518,Vi - Da Digital SA,Pampeana,Ciudad Autonoma Buenos Aires,Ciudad Autonoma De Buenos Aires,75,9/9/2016 00:00,14/9/2016,
429,30710747314,Virtual Mind SRL,Pampeana,Ciudad Autonoma Buenos Aires,Ciudad Autonoma De Buenos Aires,102,13/8/2015,20/8/2015,
430,30708295309,Vmn Software Critico SRL,Pampeana,Ciudad Autonoma Buenos Aires,Ciudad Autonoma De Buenos Aires,87,8/7/2015 00:00,13/8/2015,
431,30714029378,Vn Studios SRL,Pampeana,Ciudad Autonoma Buenos Aires,Ciudad Autonoma De Buenos Aires,93E,6/4/2018 00:00,4/9/2018 00:00,
432,30714976180,VONPIX SRL,Pampeana,Ciudad Autonoma De Buenos Aires,Belgrano,448,11/12/2018 00:00,14/11/2018 00:00,
433,30712149422,Voxa SA,Pampeana,Ciudad Autonoma Buenos Aires,Ciudad Autonoma De Buenos Aires,6-E,10/6/2016 00:00,10/12/2016 00:00,
434,33711477239,VR4 S.A.,Pampeana,Ciudad Autonoma De Buenos Aires,Puerto Madero,243,14/5/2019,16/5/2019,
435,30687812537,W 3 Comunicacion SRL,Pampeana,Ciudad Autonoma Buenos Aires,Ciudad Autonoma De Buenos Aires,48,7/7/2016 00:00,14/7/2016,
436,30634035458,Waldbott Asoc SA,Pampeana,Ciudad Autonoma Buenos Aires,Ciudad Autonoma De Buenos Aires,401,14/11/2014,20/11/2014,
437,33715683119,WIDERGY SRL,Pampeana,Ciudad Autonoma De Buenos Aires,Palermo,590,14/12/2018,18/12/2018,
438,30713587903,Wolox SA,Pampeana,Ciudad Autonoma Buenos Aires,Ciudad Autonoma De Buenos Aires,52,13/7/2016,18/7/2016,
439,30688258746,Wondersoftsrl,Pampeana,Ciudad Autonoma Buenos Aires,Ciudad Autonoma De Buenos Aires,140,15/10/2015,21/10/2015,
440,30701270637,Worldsys SA,Pampeana,Ciudad Autonoma Buenos Aires,Ciudad Autonoma De Buenos Aires,94,23/9/2016,28/9/2016,
441,30710395566,Wormhole SA,Pampeana,Ciudad Autonoma Buenos Aires,Ciudad Autonoma De Buenos Aires,77,26/12/2016,29/12/2016,
442,30646029720,WUNDERMAN CATO JOHNSON S.A.,Pampeana,Ciudad Autonoma De Buenos Aires,Nuñez,464,27/11/2018,28/11/2018,
443,33708250959,Xv Tech SA,Pampeana,Ciudad Autonoma Buenos Aires,Ciudad Autonoma De Buenos Aires,159,17/11/2015,23/11/2015,
444,30710132824,Y2K Networks SA,Pampeana,Cordoba,Cordoba,97E,13/4/2018,16/4/2018,
445,30711601178,YALVATAR SA,Noroeste,Jujuy,San Salvador de Jujuy,383,25/10/2018,29/10/2018,
446,30714767573,YOP S.A.,Pampeana,Ciudad Autonoma De Buenos Aires,Belgrano,465,27/11/2018,29/11/2018,
447,30709936251,ZAUBER S.A.,Pampeana,Ciudad Autonoma De Buenos Aires,Palermo,148E,27/9/2018,28/9/2018,
448,30712207627,Zetech SA,Pampeana,Ciudad Autonoma Buenos Aires,Ciudad Autonoma De Buenos Aires,153,11/4/2015 00:00,11/10/2015 00:00,
449,30684912220,Zetti Ingenieria En Sistemas SRL,Pampeana,Ciudad Autonoma Buenos Aires,Ciudad Autonoma De Buenos Aires,160,17/11/2015,23/11/2015,
450,30707791973,Zoo Logic SA,Pampeana,Ciudad Autonoma Buenos Aires,Ciudad Autonoma De Buenos Aires,97,8/12/2015 00:00,19/8/2015,
451,30711198594,10Pines SRL,Pampeana,Ciudad Autonoma Buenos Aires,Ciudad Autonoma De Buenos Aires,71,21/7/2015,27/7/2015,
452,30707711686,3Way Solutions SA,Pampeana,Ciudad Autonoma Buenos Aires,Ciudad Autonoma De Buenos Aires,124,22/9/2015,28/9/2015,
453,30712556559,3Xm Group SA,Pampeana,Cordoba,Cordoba,104 E,10/5/2017 00:00,10/10/2017 00:00,
454,30712063412,4R Soluciones SRL,Pampeana,Santa Fe,Ruinas Santa Fe La Vieja,47,14/11/2016,17/11/2016,
455,30708718331,@R-Tech SRL,Pampeana,Ciudad Autonoma Buenos Aires,Ciudad Autonoma De Buenos Aires,5,19/2/2015,25/2/2015,
456,30709035262,A B C Consulting SA,Pampeana,Ciudad Autonoma Buenos Aires,Ciudad Autonoma De Buenos Aires,88,8/7/2015 00:00,13/8/2015,
457,30700595842,A T X SA,Pampeana,Ciudad Autonoma Buenos Aires,Ciudad Autonoma De Buenos Aires,152,28/10/2015,11/2/2015 00:00,
458,33656777139,A&J Sistemas Sociedad de Responsabilidad Limitada,Pampeana,Santa Fe,Rosario,122,22/9/2015,28/9/2015,
459,30707409734,A.C.P. Ingenieria En Sistemas SRL,Cuyo,Mendoza,Mendoza,117,9/8/2015 00:00,15/9/2015,
460,30709407070,Absti Sociedad Anonima,Pampeana,Ciudad Autonoma Buenos Aires,Ciudad Autonoma De Buenos Aires,45,7/7/2016 00:00,14/7/2016,
461,33610006189,Accenture SRL,Pampeana,Ciudad Autonoma De Buenos Aires,Ciudad Autonoma De Buenos Aires,22,5/11/2016 00:00,16/5/2016,
462,30686247925,Access Informatica SRL,Pampeana,Ciudad Autonoma Buenos Aires,Ciudad Autonoma De Buenos Aires,26,23/5/2016,27/5/2016,
463,30707752285,Accusys Technology SRL,Pampeana,Ciudad Autonoma Buenos Aires,Ciudad Autonoma De Buenos Aires,1125,30/9/2015,10/6/2015 00:00,
464,30709404039,Aconcagua Software Factory SA,Cuyo,Mendoza,Mendoza,40,15/6/2016,22/6/2016,
465,30691222574,Acriter SA,Pampeana,Ciudad Autonoma Buenos Aires,Ciudad Autonoma De Buenos Aires,37,30/3/2017,4/3/2017 00:00,
466,33707000509,Activia SA,Pampeana,Ciudad Autonoma Buenos Aires,Ciudad Autonoma De Buenos Aires,80,14/9/2016,19/9/2016,
467,33708845839,Activica SA,Pampeana,Ciudad Autonoma Buenos Aires,Ciudad Autonoma De Buenos Aires,31,6/2/2016 00:00,6/7/2016 00:00,
468,30714295698,Adhoc SA,Pampeana,Santa Fe,Rosario,2E,15/1/2018,16/1/2018,
469,30707659773,Admotion SRL,Pampeana,Ciudad Autonoma De Buenos Aires,Ciudad Autonoma De Buenos Aires,67,8/11/2016 00:00,16/8/2016,
470,33709474559,Adonix SA,Pampeana,Ciudad Autonoma Buenos Aires,Ciudad Autonoma De Buenos Aires,44 E,5/5/2017 00:00,5/11/2017 00:00,
473,30717156222,3S SOFTWARE COMPANY,,Capital Federal,,,,,
474,30715856871,4 YODAS S.A.,,Santa Fe,,,,,
475,30712395032,7 PUENTES S. A,,Capital Federal,,,,,
478,30716786036,"95 MERO DATA SOCIEDAD POR ACCIONES
SIMPLIFICADA",,Mendoza,,,,,
479,30716888149,"ABASTECIMIENTO DIGITAL SOCIEDAD POR
ACCIONES SIMPLIFICADA S. A. S.",,Córdoba,,,,,Micro
481,30587176196,AEROTERRA SOCIEDAD ANONIMA,,Capital Federal,,,,,
483,30716465221,AG CAPITAL S.A.,,Capital Federal,,,,,
484,30708152974,AGENCIA INTEGRADORA DE VENTAS SA,,Capital Federal,,,,,Pequeña
488,30711370613,AGROSISTEMAS S.A,,Buenos Aires,,,,,
489,30717180190,AI TECH S.A.S.,,Córdoba,,,,,
490,30664174533,ALEATOR SRL,,Buenos Aires,,,,,
491,30715662945,ALEPH SOLUTIONS SRL,,Capital Federal,,,,,
492,30716484757,ALGEIBA DEV SOLUTIONS,,Capital Federal,,,,,
493,30627845487,ALGORITMO S.A.,,Santa Fe,,,,,
495,33715514759,ALTERNATIVAS INTELIGENTES S.A.,,Santa Fe,,,,,
496,33717127809,AMANDA CARE S.A.S.,,Capital Federal,,,,,
497,30715982028,AMDG S.A.S.,,Córdoba,,,,,Micro
498,30712119647,AMERICA GIS S.R.L.,,Córdoba,,,,,
499,30715027751,ANOVA S.R.L.,,Capital Federal,,,,,Micro
500,30715029916,APPLICANT S.A.,,Capital Federal,,,,,
501,30715425579,APPSTRACT S.R.L.,,Buenos Aires,,,,,
502,30711474109,AR-ROBOTS S.A.,,Capital Federal,,,,,Micro
503,30715235338,ARBUSTA S.R.L.,,Capital Federal,,,,,
504,30714784966,ARIDO SOFTWARE S.R.L.,,San Luis,,,,,Micro
505,30709264482,ARL SA,,Capital Federal,,,,,
506,33710725239,ARTDECODE S.R.L.,,Capital Federal,,,,,
507,30716355191,ARTEKIUM TECHNOLOGY STUDIO S.A.,,Capital Federal,,,,,
508,30710111134,ASAP CONSULTING SA,,Capital Federal,,,,,
509,30709247979,ASESORES EN RECURSOS ENERGETICOS S.A,,Capital Federal,,,,,
510,30716608286,ASOFIX S.A.S.,,Córdoba,,,,,
511,30709961949,ASSERT SOLUTIONS S.R.L.,,Capital Federal,,,,,
512,30680121822,ATOS ARGENTINA S A,,Capital Federal,,,,,
513,30709413852,AUTOLÓGICA S.A.,,Santa Fe,,,,,
515,30716958678,B HEALTH S.A.S.,,Córdoba,,,,,
516,30709981281,BA LOGIC S.A,,Capital Federal,,,,,Micro
517,30714787558,BANNER DIRECTOR S.A,,Córdoba,,,,,
519,30712380159,BEEREAL INFORMATION TECHNOLOGY S.A.,,Buenos Aires,,,,,
520,30711091552,BIGBOX S.A.,,Capital Federal,,,,,
521,30716796163,BIGPEAR S.A.S.,,Córdoba,,,,,
522,30711981671,BIGTREE STUDIO,,Capital Federal,,,,,
523,30716382334,BILLETERAPAIS S A,,Capital Federal,,,,,Micro
524,30717187810,BIMARCH EN FORMACION S. A.,,Santa Fe,,,,,Micro
525,30712381902,BINAMICS S.R.L,,Córdoba,,,,,
526,30716831422,BIOFEED TECH S.A.S.,,Córdoba,,,,,
531,30716300192,BITWISE SA,,Santa Fe,,,,,
532,30716702592,BLACKBOX VISION,,Buenos Aires,,,,,
533,30716612674,BLQ S.R.L,,Capital Federal,,,,,
534,30714489662,BLUEDRAFT S.A.,,Capital Federal,,,,,
536,30707248838,BOREAL SOLUTIONS S.A.,,Capital Federal,,,,,
537,30716845490,BREVITY S.A,,Capital Federal,,,,,
538,30717135446,BROMUS SOFTWARE,,Buenos Aires,,,,,
539,33716375019,BT CONSULTING S.A.S.,,Córdoba,,,,,
540,30715455672,BUEN VOLAR S.A.,,Capital Federal,,,,,Mediana
541,30685910450,C V M SERVICIOS S R L,,Capital Federal,,,,,Micro
542,30711457964,CAHUMA S.A.,,Córdoba,,,,,Pequeña
544,30716437414,CALOIAN,,Buenos Aires,,,,,Micro
545,30716352656,CAMBALACHE TECHNOLOGIES,,Buenos Aires,,,,,
546,30715124250,CAMPANA DIGITAL S.R.L,,Buenos Aires,,,,,Micro
547,30685856715,CAPGEMINI ARGENTINA S.A.,,Capital Federal,,,,,
549,30710116403,CASE S.A,,Mendoza,,,,,
550,30708042419,CDN SRL,,Capital Federal,,,,,
554,30716306042,CHISPA PARA EL MUNDO S.A,,Capital Federal,,,,,
556,30711460507,CLEVER SOFT S.A.,,Capital Federal,,,,,
557,30715805576,CLOUD SOFTWARE SRL,,Capital Federal,,,,,Micro
558,30716038498,CLOVINN S.R.L.,,Santa Fe,,,,,
559,30715829130,COCIS S.A.S,,Córdoba,,,,,
560,33717168009,CODING APPS S.,,Buenos Aires,,,,,
561,30709037508,COGNISYS SRL,,Capital Federal,,,,,
562,30708792469,COL S.A,,Mendoza,,,,,
563,33708116829,COMPAÑÍA GENERAL DE SOFTWARE S.R.L.,,Capital Federal,,,,,
564,30717173771,"COMPAÑIA LATINOAMERICANA DE SISTEMAS S. A.
S.",,Entre Ríos,,,,,Micro
565,30716417391,CONSULTORES EN IT SAS,,Santa Fe,,,,,
566,30710514018,CONSULTORES MIDAS S.A.,,Mendoza,,,,,
567,30709463566,CONSULTORIA GLOBAL S.A.,,Capital Federal,,,,,
568,30714864269,CONTABILIUM S.A.,,Capital Federal,,,,,
569,30714424889,CONTROL COMERCIO SRL,,Capital Federal,,,,,
572,33714183759,CPI DESARROLLOS S.R.L.,,Chaco,,,,,
573,30712536205,CPM GAMES S.R.L.,,Capital Federal,,,,,Grande
574,30716933896,CRUBYT S.R.L,,Capital Federal,,,,,
576,30713763701,CRUXAR S.R.L.,,Buenos Aires,,,,,
577,30716320584,CUBIQ,,Capital Federal,,,,,
578,30715901192,CUMBRESOFT SAS,,Capital Federal,,,,,
579,30709996718,CVT SA,,Mendoza,,,,,Mediana
581,30716645033,DAT SOLUTIONS S.A.S.,,Córdoba,,,,,
582,30717164322,DATACLOUD,,Capital Federal,,,,,
583,30710326521,DATALYTICS S.R.L.,,Capital Federal,,,,,
584,30715535234,DATCOM SOLUCIONES TECNOLOGICAS SA,,Buenos Aires,,,,,
589,30715514539,DEUX IT COMPANY S.R.L..,,Santa Fe,,,,,
590,30716928108,DEVCUBE S.A.S. S. A. S.,,Córdoba,,,,,Micro
592,30710857977,DIBUSOFT SRL,,Capital Federal,,,,,Pequeña
594,30717043312,DIEGO MARIANO ESPADA Y CESAR NICOLAS ROSSI,,Capital Federal,,,,,Micro
595,30709273171,DIGIP SOLUCIONES INTEGRALES S.R.L.,,Capital Federal,,,,,
597,30715179373,DIGITAL CONTENT MACHINE S.A.,,Córdoba,,,,,Micro
598,30716423871,"DIGITAL MOTUS SOCIEDAD POR ACCIONES
SIMPLIFICADA",,Córdoba,,,,,
599,30714164828,DILECTO SOFTWARE S.R.L,,Chubut,,,,,Micro
601,30708462566,DISEGNO SOFT S.R.L,,Córdoba,,,,,
602,33715351019,DISYTEL CONSULTING S.A.,,Santa Cruz,,,,,
603,30716327279,DIVERSITAS,,Capital Federal,,,,,
604,30709105570,DOKA TECH S.A.,,Capital Federal,,,,,
605,33710859359,DPS SISTEMAS Y CONSULTORIA S.R.L.,,Capital Federal,,,,,
606,30710244010,DRIDCO SAU,,Capital Federal,,,,,
608,33715699139,DTHINK S.R.L.,,Capital Federal,,,,,
609,30716745070,DUX SOFTWARE S.A.S.,,Córdoba,,,,,
611,30715152505,E-PARTNERS S.R.L.,,Córdoba,,,,,
612,30717041565,ECS LATAM S.A.S. SUCURSAL ARGENTINA,,Capital Federal,,,,,
614,30714499129,EDS ENTERPRISE DATA SOLUTIONS S.A.,,Capital Federal,,,,,
615,30711717265,EGO RECURSOS CREATIVOS ONLINE S.R.L.,,Buenos Aires,,,,,Pequeña
616,30711143781,ELDAR S.R.L,,Capital Federal,,,,,
617,30710017391,ELEPE SERVICIOS SRL,,Santa Fe,,,,,
618,30707447504,ELSERVER SRL,,Capital Federal,,,,,
619,30717152308,EMOTIONIT S.A.,,Santa Fe,,,,,
620,30709131865,EMPRENDIMIENTOS SATELITALES SA,,Capital Federal,,,,,
621,30711103534,ENCODE S.A.,,Córdoba,,,,,
623,30716420120,ENLACE MOLECULAR S.R.L.,,Capital Federal,,,,,
624,30707633480,ENRATIO S.A,,Capital Federal,,,,,
626,33709908249,ENTORNOS EDUCATIVOS S.R.L,,Capital Federal,,,,,
627,30715997653,EPPICAL,,Buenos Aires,,,,,
630,30716270358,ESPIN-LABS S.R.L,,Capital Federal,,,,,
632,30700911191,ESTRATEGIAS DIFERENCIADAS,,Buenos Aires,,,,,
633,30715703633,EVOTECH S.A.,,Córdoba,,,,,Micro
634,30711183791,EXACTIAN CONSULTING S.A.,,Buenos Aires,,,,,
635,33714005079,EXIMO SOCIEDAD ANONIMA,,Neuquén,,,,,
636,30716854813,FACTORIS S.A.S.,,Córdoba,,,,,
638,30717748995,FARES SOFTWARE S. A. S.,,"Santiago del
Estero",,,,,Micro
639,30716787008,FIBERX3,,Buenos Aires,,,,,
640,33711720109,FK TECH S.R.L.,,Capital Federal,,,,,
642,30712327355,FLEXIBILITY S.R.L.,,Buenos Aires,,,,,
643,30716865394,FLOCK SISTEMAS S.R.L.,,Capital Federal,,,,,
644,30715539981,FLOWING CODE S.A,,Santa Fe,,,,,
646,30715836943,FLYING NIMBUS SAS,,Capital Federal,,,,,
647,30709969583,FOCA SOFTWARE FACTORY S.A,,Mendoza,,,,,
648,30716711826,FONTESOFT S.A.S.,,Mendoza,,,,,
651,30716712032,FULL AUDITS,,Capital Federal,,,,,
652,30714685224,FUSAP S.R.L.,,Capital Federal,,,,,
653,30663743542,FX INFORMATICA SOCIEDAD ANONIMA,,Buenos Aires,,,,,
654,30709392820,G4 CONSULTING S.A.,,Buenos Aires,,,,,
655,30716871181,GALACA SOFTWARE FACTORY S.A.S.,,Mendoza,,,,,Micro
657,30714236918,GEN IT SOCIEDAD DE RESPONSABILIDAD LIMITADA,,Capital Federal,,,,,
658,30710661495,GEONOSIS S.A,,Capital Federal,,,,,
659,33714189919,"GESTION ELECTRONICA DE PAGOS Y COBRANZAS
S.A.",,Capital Federal,,,,,
660,30717165051,GIGA GLOBAL S.A.S.,,Córdoba,,,,,
661,30707466967,GLOBALSIS S.R.L.,,Capital Federal,,,,,
662,30716480476,GO2FUTURE,,Capital Federal,,,,,
663,30716036797,GOIAR S.A.S.,,Capital Federal,,,,,
664,30716871149,GOODAPPS S. A. S,,Córdoba,,,,,
665,30717361748,GREENCODE S.R.L.,,Capital Federal,,,,,
666,30714829463,GRUPO M.A.S. SRL,,Buenos Aires,,,,,
668,30710452209,GRUPO TECNOGESTION S.A.,,Capital Federal,,,,,
669,30716316617,"GUANACO SOFTWARE FACTORY SOCIEDAD POR
ACCIONES SIMPLIFICADA",,Chubut,,,,,
671,30715488864,HAL COMPANY S.A.,,Capital Federal,,,,,
672,30707264760,HEALTH MANAGEMENT SOLUTIONS S.A.,,Capital Federal,,,,,
673,30716147939,HIGH IMPACT S.A.S.,,Córdoba,,,,,
674,30717306224,HOOD INT S.R.L.,,Capital Federal,,,,,
675,30709041483,I 2 T S.A.,,Santa Fe,,,,,
676,30710126379,I N F T S. A.,,Córdoba,,,,,
678,30716843706,IDEAR TECH S.A.S.,,Santa Fe,,,,,
679,30717312097,IDING S.A.S.,,Córdoba,,,,,Micro
680,30715347853,IGARA STUDIO S.A,,Santa Fe,,,,,
681,30711166323,IMPRONTA IT S.A.,,Capital Federal,,,,,
683,30716298414,INCEPTIA SRL,,Capital Federal,,,,,
685,30633801106,INENCO S R L,,Neuquén,,,,,
687,30715832301,INFOCONTROL S.A.S.,,San Juan,,,,,
688,30707586520,INFORMAR ARGENTINA S A,,Córdoba,,,,,
689,30710894015,INFOTEMA S.A.,,Capital Federal,,,,,
692,30716434903,INNOVACION & SOFTWARE S.A.S.,,Córdoba,,,,,Micro
693,30716914565,INNOVUS SOFTWARE S.A.S,,Córdoba,,,,,
695,30717374386,INSIGHT DELTA S. R. L.,,Buenos Aires,,,,,
696,30716829266,INTELIGENCIA BIOMETRICA S.A.,,Córdoba,,,,,
697,30708416114,INTELLYMATION SRL,,Entre Ríos,,,,,
698,30714748080,INTERACTIVE MOBILE MEDIA,,Capital Federal,,,,,
699,30716073137,INTERBRAIN S.A.S.,,Mendoza,,,,,
700,30712304584,INTERLAB DESARROLLOS S.R.L.,,Santa Fe,,,,,
701,30717157040,INTUIT S.R.L.,,Capital Federal,,,,,
703,30710261632,INX3 S.R.L.,,Buenos Aires,,,,,
704,30716521032,IOT SOLUCIONES,,Córdoba,,,,,
705,30710623992,IPROGRAMMERS SRL,,Santa Fe,,,,,
706,30717806278,ISF SOFT S.A.,,Buenos Aires,,,,,Micro
707,30716649241,ISOLARC S.A,,Capital Federal,,,,,
708,30717292304,ISPECTRUM S. R. L.,,Capital Federal,,,,,
709,30699630450,ITC SOLUCIONES S A,,Mendoza,,,,,
711,30711833656,ITHREEX GLOBAL S.R.L.,,Córdoba,,,,,
712,30711245304,ITIERS BUSINESS TECHNOLOGIES S.A.,,Mendoza,,,,,
713,33717141739,ITSUR SAS,,Neuquén,,,,,
714,30708988894,IVOLUTIA SRL,,Capital Federal,,,,,
717,30716634767,JEMERSOFT S.A.S.,,Córdoba,,,,,
718,30708679271,JOTAFI SA,,Capital Federal,,,,,
719,30711979324,JULASOFT S.A.,,Buenos Aires,,,,,
721,30716320991,KD GLOBAL S.A.S.,,Córdoba,,,,,
722,30717355489,KDOS S. R. L.,,Córdoba,,,,,Micro
724,30715439715,KODEAR S.R.L.,,Santa Fe,,,,,
725,30715861956,KOZACA S.A.,,Santa Fe,,,,,
726,30709950564,KYAS S.R.L.,,Entre Ríos,,,,,
727,30672138767,L Y M INGENIERIA SRL,,Mendoza,,,,,Micro
729,30717421708,LAB 9 S. A. S.,,Tucumán,,,,,
732,30716280175,LAMANSYS,,Buenos Aires,,,,,
733,33715743669,LAMBDA SAS,,Capital Federal,,,,,
735,30716056208,LATECH FACTORY,,Capital Federal,,,,,
736,33712201229,LATINDA S.A.,,Capital Federal,,,,,
739,30712483888,LEONDATE S.R.L.,,Capital Federal,,,,,Pequeña
740,30716967871,LINK TECH S.A.,,Capital Federal,,,,,
741,30710946147,LINKSIDE SOCIEDAD ANONIMA,,Buenos Aires,,,,,
742,30717811816,LIOT S.A.,,Buenos Aires,,,,,
745,30714072133,M3C SOFTWARE S.R.L,,Santa Fe,,,,,
746,30682379924,MAGIC SOFTWARE ARGENTINA S.A. (GRUPO MSA),,Capital Federal,,,,,
747,30714205214,MAGNETICO SA,,Capital Federal,,,,,
748,30710096607,MATIKA S.A,,Capital Federal,,,,,
749,33710236629,MAVHA SOCIEDAD ANONIMA,,Santa Fe,,,,,
751,30692323471,MCAFEE ARGENTINA S.A.,,Córdoba,,,,,
752,30716415453,MED ARGENTINA S.A.S,,Córdoba,,,,,Micro
753,30716024012,MEDEATEC ARGENTINA,,Buenos Aires,,,,,
754,30714018708,MEDVE S.R.L.,,Capital Federal,,,,,
755,30709128651,MEGADIST S.R.L.,,Santa Fe,,,,,
756,30677361480,MEGATRANS SA,,Capital Federal,,,,,
757,30716130955,MH SYSTEMS S.R.L,,Salta,,,,,
758,30709395129,MICRACEL SA,,Neuquén,,,,,
759,33702192329,MINDER S.A.,,Buenos Aires,,,,,
760,30714595888,MINEXUS S.A.S.,,San Juan,,,,,
761,30716255723,MINIHOTEL SOFTWARE SOLUTION S.A.S.,,Córdoba,,,,,
762,30621564028,MITROL SRL,,Capital Federal,,,,,
763,30679023906,MOBILE SYSTEMS SUDAMERICANA S A,,Capital Federal,,,,,
764,30707488197,MOBILENIK SA,,Capital Federal,,,,,
765,30716658879,MOONDESK S.A.S,,Mendoza,,,,,
766,33716247339,MOVIZEN S.A.S.,,Santa Fe,,,,,
767,30715394428,MOX IT S.R.L,,Buenos Aires,,,,,
768,30717133419,MPS IT S.R.L.,,Capital Federal,,,,,
769,30716417898,MULTISOFT ENTERPRISE S.A.S,,Córdoba,,,,,
770,30707189610,MUNDO CELULAR ARGENTINA S.A.,,Capital Federal,,,,,Grande
771,30716259443,MUTTDATA S.A.S.,,Capital Federal,,,,,
773,33621364559,NACION SERVICIOS S A,,Capital Federal,,,,,
774,30717221326,NDV SISTEMAS S. A.,,Santa Fe,,,,,
775,33716650389,NEOS TECH S.A.S.,,Córdoba,,,,,
776,30708184736,NEOTEL S.R.L,,Capital Federal,,,,,
778,33716693649,NETONE TECH S.A.,,Buenos Aires,,,,,
779,30717125947,NEURONIC S.R.L,,Santa Fe,,,,,
780,30716978733,NEWEX,,Capital Federal,,,,,
781,33710897919,NEWSOL GROUP S.R.L.,,Capital Federal,,,,,
782,30709020850,NIJAMKIN Y SOBRERO CONSULTORES SRL,,Capital Federal,,,,,Micro
783,30716023504,NOCALO S.A.S.,,Córdoba,,,,,Micro
785,30717627438,NODAROS S. R. L.,,Santa Fe,,,,,
788,33691697199,"NOVASYS SOCIEDAD DE RESPONSABILIDAD
LIMITADA",,Capital Federal,,,,,
789,30716113740,NUBIRAL SA,,Capital Federal,,,,,
790,30709368555,NUCLEUS S.A,,Santa Fe,,,,,
791,30716837862,O Y D SRL,,La Rioja,,,,,Micro
793,30716983672,OKAPII,,Capital Federal,,,,,
794,30708081112,OLEIROS S.A..,,Buenos Aires,,,,,
795,30716476215,ON FOCUS S.A.S.,,Córdoba,,,,,
796,30715960555,ONCOLOGIA INTEGRAL RIO IV S.A.S.,,Córdoba,,,,,Pequeña
797,30712378057,ONDISS SA,,Capital Federal,,,,,
798,30707653856,ONIX BUENOS AIRES S.A,,Capital Federal,,,,,
799,30716794748,OPEN PASS S.A.,,Capital Federal,,,,,
800,30716210576,OPENDEV SOLUTIONS S.A.,,Capital Federal,,,,,
801,30715516388,OPENIX SRL,,Jujuy,,,,,
802,30717265641,ORIGAMI SOFTWARE S. A. S.,,Mendoza,,,,,
803,30716576694,OTTECH ARG SAS,,Capital Federal,,,,,Micro
804,30709121312,OXIRIUM SA,,Capital Federal,,,,,
805,30711792186,PAGO VIRTUAL DEL SUR S.A,,Buenos Aires,,,,,
807,30717475360,PAYGOAL FINTECH S.A.,,Capital Federal,,,,,
808,30716731959,PE Y PE DATOS ANALYTICS SOCIEDAD ANONIMA,,Córdoba,,,,,
809,30717209237,PENTALOGIC S. A.,,"Santiago del
Estero",,,,,
811,30714205575,PERSAT SRL,,Capital Federal,,,,,
812,30716011980,PI CONSULTING S.A.S.,,Córdoba,,,,,
813,30717402215,PIERCE COMMERCE SA,,Capital Federal,,,,,
814,30717081087,PIX DEL SUR S.A.,,Buenos Aires,,,,,Micro
815,33716243929,PIZIA S.A.S.,,Córdoba,,,,,
817,30715810766,POSEIDON SAS,,Capital Federal,,,,,
818,30709854948,POSSUMUS SRL,,Mendoza,,,,,
819,30710410867,PRAGMATICA S.R.L,,Neuquén,,,,,
820,30710079990,PRESMIA SRL,,Capital Federal,,,,,
822,30717164330,PRIMETEC,,Capital Federal,,,,,
823,30709901474,PRISMA SOLUCIONES TECNOLOGICAS S.R.L.,,Capital Federal,,,,,
824,33708728239,"PROGUIDE SOCIEDAD DE RESPONSABILIDAD
LIMITADA",,Capital Federal,,,,,
825,30715364650,PROMAKER INC S.R.L.,,Capital Federal,,,,,
826,33710316509,PROMOTIVE S.A.,,Capital Federal,,,,,
830,30716676745,PSIWARE S.R.L.,,Santa Fe,,,,,
831,30709236470,PUNTO NET SOLUCIONES S R L,,Córdoba,,,,,
833,30717125742,Q LAB TESTING,,Capital Federal,,,,,
834,33712503829,Q SOLUTIONS S.A.,,Buenos Aires,,,,,
835,30717080447,QACTIONS S.R.L,,Capital Federal,,,,,
836,33710934849,QKSTUDIO SRL,,Capital Federal,,,,,
838,30710289545,QTECH SOLUCIONES INFORMATICAS S.R.L.,,Capital Federal,,,,,
839,30711929475,QUARES S.R.L,,Capital Federal,,,,,
840,30715318039,QUBITS SRL,,Córdoba,,,,,
841,30715360590,R2 SOFTWARE S.R.L.,,Capital Federal,,,,,
843,30717489981,RAKKAU,,Capital Federal,,,,,
844,30717344622,REALITEAM S.A.S.,,Córdoba,,,,,
846,30715266004,REDMOND TEC S.A.,,Capital Federal,,,,,
847,30716893509,REGENTE IT S.R.L.,,Santa Fe,,,,,Micro
848,30717763285,RELATIVIT S.A.,,Capital Federal,,,,,
849,30716431661,RESOLUTION 8 SOFTWARE S.A.S.,,Córdoba,,,,,
850,30716523264,RESSYS IT STUDIO S.A.S.,,Chaco,,,,,Micro
851,30717552136,ROCHACONSULTING S.A.S.,,Córdoba,,,,,
852,30716221659,ROOFTOP DEVLAB S.A.S.,,Córdoba,,,,,
853,30714716375,RUNAID SRL,,San Luis,,,,,
854,30709787787,SBI TECHNOLOGY S.R.L,,Santa Fe,,,,,
855,30716536595,SEED INGENIERIA S.A.S.,,Santa Fe,,,,,
856,30710607237,SEINCOMP INFORMATICA S.R.L,,Buenos Aires,,,,,
858,30710342268,SERVICIOS COMPUTABLES SA,,Capital Federal,,,,,
859,30710365926,SERVICIOS Y SISTEMAS DE POST-VENTA S.A,,Capital Federal,,,,,
860,30715633821,SETUP S.R.L.,,Santa Fe,,,,,
862,30716804778,SHIFTA,,Capital Federal,,,,,
863,30717525422,SHOP365 S. R. L.,,Santa Fe,,,,,Micro
864,30715026976,SIMA SOFTWARE S.A.,,Buenos Aires,,,,,
865,30716633272,SIMPLE SOLUTIONS S.A.,,Capital Federal,,,,,
866,30716914700,SINTH S.A.,,Córdoba,,,,,
867,30714495441,SISTEC S.R.L.,,Tucumán,,,,,
868,30715334611,SISTEMA INTEGRAL DE CONSORCIOS S.A,,Capital Federal,,,,,Pequeña
870,30717822613,SJL & ASOCIADOS S. R. L.,,Tierra del Fuego,,,,,
871,30716098539,SK SOFTWARE S.A.S.,,Córdoba,,,,,
872,30717149188,SMART BRIDGE COMPANY S.R.L,,Capital Federal,,,,,
873,30716876213,SMART DIGITAL DOCUMENTS S A,,Capital Federal,,,,,
874,30711406154,SMARTMATION S.A,,Capital Federal,,,,,
875,33710359909,SMARTWAY SRL,,Capital Federal,,,,,
876,30709093297,SOFTGUARD TECH DE ARGENTINA S.A.,,Capital Federal,,,,,
877,30717466531,SOFTWARE MAKERS S. A. S.,,San Juan,,,,,
878,30716873613,SOLUCIONES IOT S.A,,Capital Federal,,,,,Micro
879,30714687650,SOLUCIONES ONLINE S.A.,,Capital Federal,,,,,Pequeña
880,33707521509,SOLUCIONES TECNOLOGICAS APTEK SA,,Capital Federal,,,,,
882,33715320199,SOOFT GLOBAL S.A.,,Córdoba,,,,,
883,30712222804,SOULIT S.A.,,Capital Federal,,,,,
884,30709701602,SOUTHWARD SOLUTIONS SRL,,Buenos Aires,,,,,
885,30715160141,STARK SOLUTION SRL,,Buenos Aires,,,,,
887,33710258479,STRATEGY ZONE SA,,Córdoba,,,,,Micro
888,30710480857,SUMMANT TECHNOLOGIES S.R.L.,,Capital Federal,,,,,
889,30716488922,SURI GESTION,,Capital Federal,,,,,
890,30710278500,SURIS UNION SRL,,Capital Federal,,,,,
891,30717231208,SYLOPER,,Santa Fe,,,,,
892,30711893136,SYSONE S.A.,,Capital Federal,,,,,
893,30612638841,SYSTEMS MANAGEMENT SPECIALIST SA,,Capital Federal,,,,,
894,30712051252,TACTIVOS S.R.L.,,Capital Federal,,,,,
895,30715914359,TALLY S.A.S,,San Juan,,,,,Micro
896,30716627531,TAP BILLETERA S.A.,,Capital Federal,,,,,
898,30648768830,TEAM QUALITY S.A.,,Capital Federal,,,,,
899,30676040435,TEAM SOFT SRL,,Capital Federal,,,,,Micro
900,30710730209,TEBYON CONSULTING S.R.L.,,Capital Federal,,,,,
901,30716890712,TECH HELPERS S.R.L.,,Capital Federal,,,,,Micro
902,30715395432,TECHMOB S.A.,,Capital Federal,,,,,
904,30686181681,TECNOLOGIA Y DESARROLLO INFORMATICO SRL,,Capital Federal,,,,,
905,30717612279,TECNOLOGIAS WAI S.A.,,Capital Federal,,,,,
907,30708929480,TEK S R L,,Santa Fe,,,,,
908,30713691107,TELECOMUNICACIONES UNIFICADAS SRL,,Córdoba,,,,,
909,30711361983,TEMA CONSULTING S.R.L.,,Capital Federal,,,,,
911,30623356090,TESIN SRL,,Capital Federal,,,,,Micro
912,30711761116,THE APP MASTER S.R.L.,,Capital Federal,,,,,
914,30715751255,THEEYE SAS,,Capital Federal,,,,,
915,33715639209,THROGS S.R.L.,,Córdoba,,,,,Micro
916,30717106861,TOKENIZA2 S.A.S.,,Córdoba,,,,,Micro
917,30717087514,TORRADO DESARROLLOS S.A,,Capital Federal,,,,,
918,30717270505,TQ DESARROLLADORES S.A.S.,,Capital Federal,,,,,
919,30716037009,TRADESPARK S.R.L,,Capital Federal,,,,,
920,30715427989,TRAVELPAQ SRL EN FORMACION,,San Juan,,,,,Micro
923,30716827913,TRIFACTA S.R.L,,Capital Federal,,,,,
924,30709202193,TRIMIX S.R.L.,,Córdoba,,,,,
925,30716719533,TRINWORK S.A.S.,,Córdoba,,,,,Micro
926,30715774530,TUPACA SAS,,Capital Federal,,,,,
927,30714240540,UBIAR S.R.L.,,Santa Fe,,,,,
929,33715456279,UNDERSCOPE S.R.L,,Capital Federal,,,,,
932,30714504742,VAREGOS SRL,,Capital Federal,,,,,
933,30711467293,VERTICALL S.A.,,Córdoba,,,,,
934,30701252728,VIDEOSWITCH S.R.L.,,Capital Federal,,,,,
936,33711131669,VODEMIA SRL,,Santa Fe,,,,,
938,30710416636,VU SECURITY S.A.,,Capital Federal,,,,,
939,33716455969,W3 ITS,,Capital Federal,,,,,
940,33712090389,WES S.A.S,,San Juan,,,,,
941,30716359316,WETALENT S.A.S,,Córdoba,,,,,
943,33716421479,WIGOU SAS,,Santa Fe,,,,,
944,30716838508,WIPPIE SOCIEDAD POR ACCIONES SIMPLIFICADA,,Córdoba,,,,,
945,30710687389,WIRSOLUT S.A.,,Capital Federal,,,,,
946,30715187392,WITBOR ARGENTINA S.R.L,,Capital Federal,,,,,
948,33717060569,WYNGES S.A.S,,Santa Fe,,,,,
949,30716813815,XUBIT,,Capital Federal,,,,,
950,30717538907,XYCLON SRL,,Capital Federal,,,,,
951,30708749415,YEL INFORMATICA S.A.,,Capital Federal,,,,,
952,30711277257,YOIZEN S.A,,Capital Federal,,,,,
